partner_id,alias,alias_normalized,source,confidence
P_CA788CF183,바른경제동호인회,바른경제동호인회,nonprofit_national,1.0
P_84DFE6E137,행정개혁시민연합,행정개혁시민연합,nonprofit_national,1.0
P_42113D7AB8,경제정의실천시민연합,경제정의실천시민연합,nonprofit_national,1.0
P_B48A498CE8,조세정의를위한 한국납세자연합회,조세정의를위한한국납세자연합회,nonprofit_national,1.0
P_F7342A830D,북한경제포럼,북한경제포럼,nonprofit_national,1.0
P_F2F82A1821,국제미래학회,국제미래학회,nonprofit_national,1.0
P_6E97DFF93A,사단법인 한국납세자연대,한국납세자연대,nonprofit_national,1.0
P_AC1D72C657,국가미래정책포럼,국가미래정책포럼,nonprofit_national,1.0
P_549D3E4763,한국소비자연맹,한국소비자연맹,nonprofit_national,1.0
P_3A2E82F782,소비자공익네트워크,소비자공익네트워크,nonprofit_national,1.0
P_9F759195AC,한국소비자단체협의회,한국소비자단체협의회,nonprofit_national,1.0
P_6C785AEB6F,(사)한국소비자교육원,한국소비자교육원,nonprofit_national,1.0
P_A3566ACF9A,녹색소비자연대전국협의회,녹색소비자연대전국협의회,nonprofit_national,1.0
P_E1FDC73D11,소비자시민모임,소비자시민모임,nonprofit_national,1.0
P_FB0FB27B0B,한국소비자진흥원,한국소비자진흥원,nonprofit_national,1.0
P_51C267D07C,(사)소비자와함께,소비자와함께,nonprofit_national,1.0
P_B0A0E9743C,(사)미래소비자행동,미래소비자행동,nonprofit_national,1.0
P_E1DCE25AFC,(사)공직공익비리신고 전국시민운동연합,공직공익비리신고전국시민운동연합,nonprofit_national,1.0
P_69137D25A1,신용사회만들기시민연합,신용사회만들기시민연합,nonprofit_national,1.0
P_56904F98C5,한국소액주주 연구회,한국소액주주연구회,nonprofit_national,1.0
P_E79C402BD1,KRX국민행복재단,krx국민행복재단,nonprofit_national,1.0
P_8084BAC00A,금융소비자네트워크,금융소비자네트워크,nonprofit_national,1.0
P_9257C75BE1,사단법인 5.18민주화운동 부상자회,518민주화운동부상자회,nonprofit_national,1.0
P_5306C97154,도산안창호선생기념사업회,도산안창호선생기념사업회,nonprofit_national,1.0
P_CBFB7D6A31,장준하기념사업회,장준하기념사업회,nonprofit_national,1.0
P_A65E552DCD,손정도기념사업회,손정도기념사업회,nonprofit_national,1.0
P_4E847A99D8,신흥무관학교기념사업회,신흥무관학교기념사업회,nonprofit_national,1.0
P_415803A26A,건국대통령이승만박사기념사업회,건국대통령이승만박사기념사업회,nonprofit_national,1.0
P_7FFB86A6C5,한국여성독립운동연구소,한국여성독립운동연구소,nonprofit_national,1.0
P_0C38AA4CBB,한국미래문제연구원,한국미래문제연구원,nonprofit_national,1.0
P_ED28BF9543,한국보훈복지정책연구원,한국보훈복지정책연구원,nonprofit_national,1.0
P_3A7346634A,무후광복군기념사업회,무후광복군기념사업회,nonprofit_national,1.0
P_7A9B1A75F7,대한민국현충사업회,대한민국현충사업회,nonprofit_national,1.0
P_0A0FD1796A,나라사랑디딤돌,나라사랑디딤돌,nonprofit_national,1.0
P_9B98772873,(사)한국해양환경안전협회,한국해양환경안전협회,nonprofit_national,1.0
P_667616F082,(사)한국해양소년단연맹,한국해양소년단연맹,nonprofit_national,1.0
P_49D018DBEF,(사)한국수산업경영인중앙연합회,한국수산업경영인중앙연합회,nonprofit_national,1.0
P_560FC99FF7,(사)바다살리기국민운동본부,바다살리기국민운동본부,nonprofit_national,1.0
P_813D9EAA3A,(사)해양보호 국민연대,해양보호국민연대,nonprofit_national,1.0
P_B8B1B5A88C,(사)대한민국해양연맹,대한민국해양연맹,nonprofit_national,1.0
P_FBFF51F0B1,독도수호대,독도수호대,nonprofit_national,1.0
P_827FA3723F,(사)한국수중환경안전협회,한국수중환경안전협회,nonprofit_national,1.0
P_98BD2AF252,(사)지구환경해양보호연대,지구환경해양보호연대,nonprofit_national,1.0
P_614C21B780,Korea 독도녹색운동연합,korea독도녹색운동연합,nonprofit_national,1.0
P_A293597015,독도유인화국민운동본부,독도유인화국민운동본부,nonprofit_national,1.0
P_3FB14FA9A6,한국수중사진영상협회,한국수중사진영상협회,nonprofit_national,1.0
P_6A73E390BA,해양조사발전협의회,해양조사발전협의회,nonprofit_national,1.0
P_6FC7CBF7ED,나라(독도)살리기국민운동본부,나라독도살리기국민운동본부,nonprofit_national,1.0
P_23A51AA23E,독도최종덕기념사업회,독도최종덕기념사업회,nonprofit_national,1.0
P_4E3DCDDB94,(사)한국물사랑연합,한국물사랑연합,nonprofit_national,1.0
P_5CB950663C,(사)한국농수산환경.안전협회,한국농수산환경안전협회,nonprofit_national,1.0
P_869A1F7F7B,(사)한국잠수산업연구원,한국잠수산업연구원,nonprofit_national,1.0
P_C0BD0028AF,(사)한국해양환경보호중앙회,한국해양환경보호중앙회,nonprofit_national,1.0
P_641C9C2223,해양수산교육원,해양수산교육원,nonprofit_national,1.0
P_7BCF971C4F,사단법인 대한민국 독도,대한민국독도,nonprofit_national,1.0
P_DE8BAA94C8,고스트다이빙코리아,고스트다이빙코리아,nonprofit_national,1.0
P_EEC4FA12E0,대한민국독도사랑중앙회,대한민국독도사랑중앙회,nonprofit_national,1.0
P_40C2E5ECF1,한반도 환경·해양 복지위원회,한반도환경해양복지위원회,nonprofit_national,1.0
P_3379C2D36B,(사)연안환경보전연합회,연안환경보전연합회,nonprofit_national,1.0
P_F94AD25E18,(사)대한민국독도협회,대한민국독도협회,nonprofit_national,1.0
P_E91DF6CE22,독도사수연합회,독도사수연합회,nonprofit_national,1.0
P_F6AD770BD8,전국어민총연맹,전국어민총연맹,nonprofit_national,1.0
P_E5999A9EC8,독도해병 지킴이 본부,독도해병지킴이본부,nonprofit_national,1.0
P_1286B41C34,(사)국세동우회 자원봉사단,국세동우회자원봉사단,nonprofit_national,1.0
P_D48C8FC851,한국통계학회,한국통계학회,nonprofit_national,1.0
P_9920058FE1,사단법인 민족통일협의회,민족통일협의회,nonprofit_national,1.0
P_CFBF11795E,한민족통일여성협의회,한민족통일여성협의회,nonprofit_national,1.0
P_B25E536016,평화문제연구소,평화문제연구소,nonprofit_national,1.0
P_CBD4DCBD61,조국평화통일불교협회,조국평화통일불교협회,nonprofit_national,1.0
P_FA8E9A42B2,세계평화청년학생연합,세계평화청년학생연합,nonprofit_national,1.0
P_D2B07C56A1,어린이어깨동무,어린이어깨동무,nonprofit_national,1.0
P_163845FC12,좋은벗들,좋은벗들,nonprofit_national,1.0
P_CC05541673,남북경제협력발전협의회,남북경제협력발전협의회,nonprofit_national,1.0
P_6DA62A0C72,북한인권시민연합,북한인권시민연합,nonprofit_national,1.0
P_039F7375CB,한국통일진흥원,한국통일진흥원,nonprofit_national,1.0
P_80F171D96F,(사)미래약속포럼,미래약속포럼,nonprofit_national,1.0
P_D0DC62AE9F,통일맞이,통일맞이,nonprofit_national,1.0
P_180FA619B2,(사)선진통일건국연합,선진통일건국연합,nonprofit_national,1.0
P_B58DBBDE71,한민족운동지도자연합회,한민족운동지도자연합회,nonprofit_national,1.0
P_DA331FF583,민족화해협력범국민협의회,민족화해협력범국민협의회,nonprofit_national,1.0
P_990BE9AE5B,한국청년지도자연합회,한국청년지도자연합회,nonprofit_national,1.0
P_F9BA1AB7E6,흥사단민족통일운동본부,흥사단민족통일운동본부,nonprofit_national,1.0
P_E8B9D4A96E,남북청소년교류평화연대,남북청소년교류평화연대,nonprofit_national,1.0
P_29F1E34A6D,남북나눔,남북나눔,nonprofit_national,1.0
P_9205F38752,겨레하나되기운동연합,겨레하나되기운동연합,nonprofit_national,1.0
P_00FA47D7A1,우리민족서로돕기운동,우리민족서로돕기운동,nonprofit_national,1.0
P_3030BE30A0,남북통일운동국민연합,남북통일운동국민연합,nonprofit_national,1.0
P_13FE814681,어린이의약품지원본부,어린이의약품지원본부,nonprofit_national,1.0
P_1EC0BD7624,통일교육문화원,통일교육문화원,nonprofit_national,1.0
P_5F604FCE99,남북민간교류협의회,남북민간교류협의회,nonprofit_national,1.0
P_CF2C9D81EC,평화디딤돌,평화디딤돌,nonprofit_national,1.0
P_815C202439,세계평화여성연합,세계평화여성연합,nonprofit_national,1.0
P_987F176AC2,범민족화합통일운동본부,범민족화합통일운동본부,nonprofit_national,1.0
P_0153D91681,좋은씨앗,좋은씨앗,nonprofit_national,1.0
P_58B8EF458F,평화통일단체총연합,평화통일단체총연합,nonprofit_national,1.0
P_A2EF66617D,탈북청소년교육공동체셋넷학교,탈북청소년교육공동체셋넷학교,nonprofit_national,1.0
P_5B18110505,북한민주화네트워크,북한민주화네트워크,nonprofit_national,1.0
P_F2819F8F23,겨레사랑복지협의회,겨레사랑복지협의회,nonprofit_national,1.0
P_FDB6217469,(사)코리아통합연구원,코리아통합연구원,nonprofit_national,1.0
P_752E7528DE,남북청소년중앙연맹,남북청소년중앙연맹,nonprofit_national,1.0
P_888B974C43,민족통일국민연합,민족통일국민연합,nonprofit_national,1.0
P_04C45D3FE0,통일농수산정책연구원,통일농수산정책연구원,nonprofit_national,1.0
P_A3C684EE9F,나눔인터내셔날,나눔인터내셔날,nonprofit_national,1.0
P_55480D5A73,사단법인 남북협력민간단체협의회,남북협력민간단체협의회,nonprofit_national,1.0
P_1130AD2EC9,6.25전쟁납북인사 가족협의회,625전쟁납북인사가족협의회,nonprofit_national,1.0
P_860F38AC3D,위드아시아,위드아시아,nonprofit_national,1.0
P_7CBBAE6CF4,평화주권행동 평화너머,평화주권행동평화너머,nonprofit_national,1.0
P_FE9FE4D79D,구손평화봉사단,구손평화봉사단,nonprofit_national,1.0
P_668DD958AA,여명,여명,nonprofit_national,1.0
P_4740603DB9,통일한반도교육원,통일한반도교육원,nonprofit_national,1.0
P_9FC0554E0E,통일을준비하는탈북자협회,통일을준비하는탈북자협회,nonprofit_national,1.0
P_156CA25173,평화재단,평화재단,nonprofit_national,1.0
P_CFD4EE9A26,등대복지회,등대복지회,nonprofit_national,1.0
P_A6140F924E,한겨레통일문화재단,한겨레통일문화재단,nonprofit_national,1.0
P_6AA5B40C29,남북함께살기운동,남북함께살기운동,nonprofit_national,1.0
P_2BB2D2E0DA,한반도평화를추구하는모임,한반도평화를추구하는모임,nonprofit_national,1.0
P_63BFDC4864,남북구강보건의료협의회,남북구강보건의료협의회,nonprofit_national,1.0
P_A537814DE9,한민족평화통일전국연합회,한민족평화통일전국연합회,nonprofit_national,1.0
P_057F99E5EA,한꿈,한꿈,nonprofit_national,1.0
P_1B116AD3C1,이안상회,이안상회,nonprofit_national,1.0
P_AB0789B322,대한예수교장로회 총회 남북교회교류협력위원회,대한예수교장로회총회남북교회교류협력위원회,nonprofit_national,1.0
P_D1110AA653,(사)먹고사는문제연구소,먹고사는문제연구소,nonprofit_national,1.0
P_D03AE1650B,평화삼천,평화삼천,nonprofit_national,1.0
P_51F0C2D8F8,통일아카데미,통일아카데미,nonprofit_national,1.0
P_AD0BC748B5,통일준비네트워크,통일준비네트워크,nonprofit_national,1.0
P_D52C1DFF35,남북청소년네트워크센타,남북청소년네트워크센타,nonprofit_national,1.0
P_C75CBDD241,선진통일교육센터,선진통일교육센터,nonprofit_national,1.0
P_95B6C497B6,모두하나교육회,모두하나교육회,nonprofit_national,1.0
P_5739E50803,한국통일교육학회,한국통일교육학회,nonprofit_national,1.0
P_87F376746F,남북환경교류연합,남북환경교류연합,nonprofit_national,1.0
P_15F7D8856D,NK지식인연대,nk지식인연대,nonprofit_national,1.0
P_858BA7874C,평화운동연합,평화운동연합,nonprofit_national,1.0
P_890DA9BD14,동학민족통일회,동학민족통일회,nonprofit_national,1.0
P_73C78F7D68,함께일하는사람들,함께일하는사람들,nonprofit_national,1.0
P_B40DED1B38,(사)늘푸른상담협회,늘푸른상담협회,nonprofit_national,1.0
P_C9DF129186,평화한국,평화한국,nonprofit_national,1.0
P_518FF1059F,(재)나이스피플,나이스피플,nonprofit_national,1.0
P_482AD7DF5B,숭의동지회,숭의동지회,nonprofit_national,1.0
P_F55DBDE7D8,한반도미래재단(재),한반도미래재단,nonprofit_national,1.0
P_60A2B775D8,남북사랑네트워크,남북사랑네트워크,nonprofit_national,1.0
P_252622D8FC,디엠지미래연합,디엠지미래연합,nonprofit_national,1.0
P_A64F21BDB7,일천만이산가족위원회,일천만이산가족위원회,nonprofit_national,1.0
P_BC9E670209,아시아 · 태평양 복지회,아시아태평양복지회,nonprofit_national,1.0
P_3FF23C2AA3,통일미디어,통일미디어,nonprofit_national,1.0
P_D61A5C8D56,새롭고하나된조국을위한모임,새롭고하나된조국을위한모임,nonprofit_national,1.0
P_6E1642CB80,국제사랑재단,국제사랑재단,nonprofit_national,1.0
P_F4D1788D6D,성공적인통일을만들어가는사람들,성공적인통일을만들어가는사람들,nonprofit_national,1.0
P_900AA99F91,북한자유연맹,북한자유연맹,nonprofit_national,1.0
P_AD6C826A41,탈북청소년생활공동체우리집,탈북청소년생활공동체우리집,nonprofit_national,1.0
P_F10016B864,북한전략정보서비스센터(사),북한전략정보서비스센터,nonprofit_national,1.0
P_52AA06095A,남북평화재단(재),남북평화재단,nonprofit_national,1.0
P_BD6E2365A3,북한정의연대,북한정의연대,nonprofit_national,1.0
P_A8D4C37EA6,한반도중립화통일협의회,한반도중립화통일협의회,nonprofit_national,1.0
P_67724F75E0,북한민주화청년학생포럼,북한민주화청년학생포럼,nonprofit_national,1.0
P_06CB267AB9,NK자유문학협회,nk자유문학협회,nonprofit_national,1.0
P_16AA285725,아시아태평양공동체,아시아태평양공동체,nonprofit_national,1.0
P_431C387E94,피스브릿지(peace bridge),피스브릿지peacebridge,nonprofit_national,1.0
P_36E554AE89,하나를위한음악재단,하나를위한음악재단,nonprofit_national,1.0
P_6A28104256,유니쉐어(Uni-Share),유니쉐어unishare,nonprofit_national,1.0
P_2BF15FB888,한국글로벌피스재단,한국글로벌피스재단,nonprofit_national,1.0
P_16759B8B51,NK.C에바다선교회,nkc에바다선교회,nonprofit_national,1.0
P_6487B4D90C,겨레얼통일연대,겨레얼통일연대,nonprofit_national,1.0
P_C26BD24E1A,(사)세이브엔케이,세이브엔케이,nonprofit_national,1.0
P_3483B3F466,(사)피스코리아 국민통합비전,피스코리아국민통합비전,nonprofit_national,1.0
P_08D8DDBE9B,(사)북한전략센터,북한전략센터,nonprofit_national,1.0
P_A99A66264B,(사)물망초,물망초,nonprofit_national,1.0
P_A2369C2A97,피스플레이,피스플레이,nonprofit_national,1.0
P_3818098B06,국제펜클럽망명북한펜센터,국제펜클럽망명북한펜센터,nonprofit_national,1.0
P_9F8FF3839B,통일협회,통일협회,nonprofit_national,1.0
P_0DC8FE71F6,(사)큰 샘,큰샘,nonprofit_national,1.0
P_1F6D529BCA,(재)북한인권과민주화실천운동연합,북한인권과민주화실천운동연합,nonprofit_national,1.0
P_583C7C3C1B,(사)엔케이워치,엔케이워치,nonprofit_national,1.0
P_6B56CB3D9E,통일을실천하는사람들,통일을실천하는사람들,nonprofit_national,1.0
P_A72E937A2C,우리하나,우리하나,nonprofit_national,1.0
P_05C7DFC4F4,(사)GK전략연구원,gk전략연구원,nonprofit_national,1.0
P_2E296FED52,위메이크코리아,위메이크코리아,nonprofit_national,1.0
P_206D7B156B,청소년통일문화,청소년통일문화,nonprofit_national,1.0
P_812D95C0A5,탈북자동지회,탈북자동지회,nonprofit_national,1.0
P_4B9BED415E,(사)북한이탈주민사랑협의회,북한이탈주민사랑협의회,nonprofit_national,1.0
P_F2E94A2A54,(사)통일문화연구원,통일문화연구원,nonprofit_national,1.0
P_705A4142B5,지피와이(GPY KOREA),지피와이gpykorea,nonprofit_national,1.0
P_0CC5C77988,(사)북한민주화위원회,북한민주화위원회,nonprofit_national,1.0
P_2A898A1BC3,(사)통일미래연대,통일미래연대,nonprofit_national,1.0
P_D0907688BD,북한인권개선과자유통일을위한모임(NANK),북한인권개선과자유통일을위한모임nank,nonprofit_national,1.0
P_D9DBE1111B,(사)새삶,새삶,nonprofit_national,1.0
P_7562A299DD,뉴코리아여성연합,뉴코리아여성연합,nonprofit_national,1.0
P_FD375AB4AC,(사)대한민국ROTC통일정신문화원,대한민국rotc통일정신문화원,nonprofit_national,1.0
P_71983D0530,(사)국제푸른나무,국제푸른나무,nonprofit_national,1.0
P_0613C76412,OGKM,ogkm,nonprofit_national,1.0
P_12FA9755F9,한백통일재단,한백통일재단,nonprofit_national,1.0
P_8F15E4A792,사단법인 뉴코리아,뉴코리아,nonprofit_national,1.0
P_7825B7B4E7,(사)한반도평화화해협력포럼,한반도평화화해협력포럼,nonprofit_national,1.0
P_5FA458437D,사단법인 더메신저,더메신저,nonprofit_national,1.0
P_CA063E4A46,북한이탈주민장애인협회,북한이탈주민장애인협회,nonprofit_national,1.0
P_D1ACD69851,하이드림,하이드림,nonprofit_national,1.0
P_6FF0D218D6,북한인권증진센터,북한인권증진센터,nonprofit_national,1.0
P_9A5B418C41,통일 맘 연합회,통일맘연합회,nonprofit_national,1.0
P_57CAF96BE2,(사)통일교육개발연구원,통일교육개발연구원,nonprofit_national,1.0
P_39754B6AD3,(사)평화와통일을위한연대,평화와통일을위한연대,nonprofit_national,1.0
P_7C8629C0E4,(사)북방연구회,북방연구회,nonprofit_national,1.0
P_CAB2659C5F,사단법인 통일시대준비위원회,통일시대준비위원회,nonprofit_national,1.0
P_BCC30D6D6B,(사)북한개발연구소,북한개발연구소,nonprofit_national,1.0
P_2EBEE29DAA,(사)북한인권정보센터,북한인권정보센터,nonprofit_national,1.0
P_1A1A8C1A3E,미지(美地)연구원,미지美地연구원,nonprofit_national,1.0
P_8D85065BFC,뉴호프재활재단,뉴호프재활재단,nonprofit_national,1.0
P_061C2A8F55,미래희망나눔센터,미래희망나눔센터,nonprofit_national,1.0
P_3F1D077962,평화와 통일을 여는 사람들,평화와통일을여는사람들,nonprofit_national,1.0
P_55F6E7F5D7,더함께새희망,더함께새희망,nonprofit_national,1.0
P_875AB20A15,통일 미래로,통일미래로,nonprofit_national,1.0
P_45527BF347,남북장애인치료지원협의체,남북장애인치료지원협의체,nonprofit_national,1.0
P_86721F5E5C,한반도평화행동,한반도평화행동,nonprofit_national,1.0
P_7A53D2E8D0,사단법인 한반도개발연합,한반도개발연합,nonprofit_national,1.0
P_3C196E4EC9,우리-one,우리one,nonprofit_national,1.0
P_28B3F30657,(사)대륙으로가는길,대륙으로가는길,nonprofit_national,1.0
P_8D60169F75,(사)남북역사문화교류협회,남북역사문화교류협회,nonprofit_national,1.0
P_BF0ADEB1AE,(사)다물민족연구소,다물민족연구소,nonprofit_national,1.0
P_5CBF17B40A,(사)통일문화,통일문화,nonprofit_national,1.0
P_D009632A45,(사)하나반도의료연합,하나반도의료연합,nonprofit_national,1.0
P_76A6EAD22C,한반도안보전략연구원,한반도안보전략연구원,nonprofit_national,1.0
P_BAE1300756,(사)남북경제연구원,남북경제연구원,nonprofit_national,1.0
P_5005F1F996,(사)씽크,씽크,nonprofit_national,1.0
P_1A29B7BF67,(사)새로운코리아구상을위한연구원,새로운코리아구상을위한연구원,nonprofit_national,1.0
P_3744E22AA1,통일문화연합,통일문화연합,nonprofit_national,1.0
P_158758F3DF,한반도경협연합회,한반도경협연합회,nonprofit_national,1.0
P_4BABB006F1,평화와 통일을 여는 예술가들,평화와통일을여는예술가들,nonprofit_national,1.0
P_96D3B1753E,SD코리아포럼,sd코리아포럼,nonprofit_national,1.0
P_8282F5B408,(사)남북물류포럼,남북물류포럼,nonprofit_national,1.0
P_C0C3AAD6A1,(사)남북문화교류협회,남북문화교류협회,nonprofit_national,1.0
P_38DDD6FB47,한반도 중립화를 추진하는 사람들,한반도중립화를추진하는사람들,nonprofit_national,1.0
P_918AC72F6A,나누며하나되기,나누며하나되기,nonprofit_national,1.0
P_7C9A6BE997,세계북한연구센터,세계북한연구센터,nonprofit_national,1.0
P_EEB0C2CE76,통일사랑교육협의회,통일사랑교육협의회,nonprofit_national,1.0
P_09B63FC786,서울평양연구원,서울평양연구원,nonprofit_national,1.0
P_59D54CF0F3,경기여명연합회,경기여명연합회,nonprofit_national,1.0
P_A71F6DC002,사단법인 DMZ 평화네트워크,dmz평화네트워크,nonprofit_national,1.0
P_F5A015278C,사단법인 조각보,조각보,nonprofit_national,1.0
P_8D80E9218D,평화연대연구소,평화연대연구소,nonprofit_national,1.0
P_C145DF58E2,남북스포츠문화연구원,남북스포츠문화연구원,nonprofit_national,1.0
P_1E2C1FAFB4,사단법인 한백평화통일재단,한백평화통일재단,nonprofit_national,1.0
P_87B357B9F7,올바른북한인권법과통일을위한시민모임,올바른북한인권법과통일을위한시민모임,nonprofit_national,1.0
P_C10E9310C7,남북우정사랑봉사회,남북우정사랑봉사회,nonprofit_national,1.0
P_A24229262C,유니피벗,유니피벗,nonprofit_national,1.0
P_C13799F1CF,통일나루터,통일나루터,nonprofit_national,1.0
P_07BC248152,북한이탈주민학회,북한이탈주민학회,nonprofit_national,1.0
P_1DD1142E2C,사단법인비전유니피케이션,비전유니피케이션,nonprofit_national,1.0
P_1D9E388942,꿈을 그리다,꿈을그리다,nonprofit_national,1.0
P_61A860E4AE,사단법인 평양민족통일예술단,평양민족통일예술단,nonprofit_national,1.0
P_B5CCF8F109,한겨레이음사랑회,한겨레이음사랑회,nonprofit_national,1.0
P_DD2307C89D,더라운드,더라운드,nonprofit_national,1.0
P_C4EA8CEB86,마음이따뜻한사람들,마음이따뜻한사람들,nonprofit_national,1.0
P_1CD56FF74D,한국청년회의소,한국청년회의소,nonprofit_national,1.0
P_A27524FD03,국제교류문화원,국제교류문화원,nonprofit_national,1.0
P_D39AE112E4,한중문화협회,한중문화협회,nonprofit_national,1.0
P_A739DD8CE8,한일여성친선협회,한일여성친선협회,nonprofit_national,1.0
P_9A02B8D63E,재단법인 오픈게이트재단,오픈게이트재단,nonprofit_national,1.0
P_EA50AA80F3,우리민족교류협회,우리민족교류협회,nonprofit_national,1.0
P_A4A53AE28A,태평양아시아협회,태평양아시아협회,nonprofit_national,1.0
P_8AF33C7936,유니세프한국위원회,유니세프한국위원회,nonprofit_national,1.0
P_36CCE883B0,하나로,하나로,nonprofit_national,1.0
P_06AD7838C1,개척자들,개척자들,nonprofit_national,1.0
P_AF7846062F,세계예술교류협회,세계예술교류협회,nonprofit_national,1.0
P_7D7F13691A,대한은퇴자협회,대한은퇴자협회,nonprofit_national,1.0
P_84FE5631C5,한국미얀마친선협회,한국미얀마친선협회,nonprofit_national,1.0
P_46459CBEF0,국제평화지도자연합(IAPL),국제평화지도자연합iapl,nonprofit_national,1.0
P_1CE602CEA6,한국원폭희생자추모사업회,한국원폭희생자추모사업회,nonprofit_national,1.0
P_503261ADCC,왕립아세아학회 한국지부,왕립아세아학회한국지부,nonprofit_national,1.0
P_7DBF8DD10C,사단법인 세계가나안운동본부,세계가나안운동본부,nonprofit_national,1.0
P_C44A587974,세계무술연맹,세계무술연맹,nonprofit_national,1.0
P_6E531EAE72,한일사회문화포럼,한일사회문화포럼,nonprofit_national,1.0
P_6134BFBDAD,GCS International(밝은사회클럽 국제본부),gcsinternational밝은사회클럽국제본부,nonprofit_national,1.0
P_A3217005F3,인터케어,인터케어,nonprofit_national,1.0
P_2B6A7B5EB8,국제문화개발연구원,국제문화개발연구원,nonprofit_national,1.0
P_E8FDBFFFC4,한몽교류진흥협회,한몽교류진흥협회,nonprofit_national,1.0
P_5654BDECBC,프리드리히나우만재단 한국지회,프리드리히나우만재단한국지회,nonprofit_national,1.0
P_A95477AC73,한국국제시민봉사회,한국국제시민봉사회,nonprofit_national,1.0
P_1F8734B2A0,국제와이즈멘클럽연맹한국지역,국제와이즈멘클럽연맹한국지역,nonprofit_national,1.0
P_0B0E53C0B5,한국해외봉사단원연합회,한국해외봉사단원연합회,nonprofit_national,1.0
P_359C6F7721,한유럽연합포럼(한이유포럼),한유럽연합포럼한이유포럼,nonprofit_national,1.0
P_B93BF83165,BPW 한국연맹(전문직여성클럽한국연맹),bpw한국연맹전문직여성클럽한국연맹,nonprofit_national,1.0
P_F7C335E4F0,샘복지재단,샘복지재단,nonprofit_national,1.0
P_00514FF7B8,북방민족나눔협의회,북방민족나눔협의회,nonprofit_national,1.0
P_D15D2B5E5B,한중기업연합회,한중기업연합회,nonprofit_national,1.0
P_DACB4628E8,한국시리아아제르바이잔친선협의회,한국시리아아제르바이잔친선협의회,nonprofit_national,1.0
P_421AA65D31,한국국제봉사기구,한국국제봉사기구,nonprofit_national,1.0
P_D581921F8A,한국미얀마친선교류협회,한국미얀마친선교류협회,nonprofit_national,1.0
P_59D0138281,록빠,록빠,nonprofit_national,1.0
P_696A2C7408,한국서바스,한국서바스,nonprofit_national,1.0
P_B2607C7DAE,위드,위드,nonprofit_national,1.0
P_2EA3C0D0B9,재단법인 노마즈,노마즈,nonprofit_national,1.0
P_A90227AC3A,글로벌비전,글로벌비전,nonprofit_national,1.0
P_65C68E0A84,대한중의협회,대한중의협회,nonprofit_national,1.0
P_83A37ABE70,한미친선좋은친구협회,한미친선좋은친구협회,nonprofit_national,1.0
P_55065C4CF3,푸른아시아,푸른아시아,nonprofit_national,1.0
P_6B7DF884A3,한류국제문화교류협회,한류국제문화교류협회,nonprofit_national,1.0
P_2560B014FD,열린의사회,열린의사회,nonprofit_national,1.0
P_5EB6AB1897,야스쿠니반대공동행동한국위원회,야스쿠니반대공동행동한국위원회,nonprofit_national,1.0
P_A387373804,나눔재단월드채널,나눔재단월드채널,nonprofit_national,1.0
P_471136AD3F,한국-라오스친선협회,한국라오스친선협회,nonprofit_national,1.0
P_8878AF895F,한미우호협회,한미우호협회,nonprofit_national,1.0
P_358C5E52AC,아시아교류협회,아시아교류협회,nonprofit_national,1.0
P_65A632AA42,동방해오름교류재단,동방해오름교류재단,nonprofit_national,1.0
P_5EB7D6D25B,아시아문화교류재단,아시아문화교류재단,nonprofit_national,1.0
P_EBF863B414,한국문화국제교류협회,한국문화국제교류협회,nonprofit_national,1.0
P_A0443B9305,푸른한국,푸른한국,nonprofit_national,1.0
P_8346885C4F,한미친선연합회,한미친선연합회,nonprofit_national,1.0
P_0CA4D5BA27,한국국제정치학회,한국국제정치학회,nonprofit_national,1.0
P_C2087AA4E6,메디피스,메디피스,nonprofit_national,1.0
P_06DFD9B57F,MGU,mgu,nonprofit_national,1.0
P_11ED3A4915,국제날개달기운동본부,국제날개달기운동본부,nonprofit_national,1.0
P_B3F8695431,비전케어,비전케어,nonprofit_national,1.0
P_00AED06F15,국경없는교육가회,국경없는교육가회,nonprofit_national,1.0
P_938898A1DB,동아시아평화문제연구소,동아시아평화문제연구소,nonprofit_national,1.0
P_464D55F195,아프리카미래재단,아프리카미래재단,nonprofit_national,1.0
P_0D088A8920,함께하는사람들,함께하는사람들,nonprofit_national,1.0
P_9A643BE8A7,세계화교육문화재단,세계화교육문화재단,nonprofit_national,1.0
P_DFCEB361EF,글로벌투게더,글로벌투게더,nonprofit_national,1.0
P_3E75631FF0,한국여학사협회,한국여학사협회,nonprofit_national,1.0
P_37DED0C559,국제키와니스 한국지구,국제키와니스한국지구,nonprofit_national,1.0
P_8AB9ED759D,한국위기관리재단,한국위기관리재단,nonprofit_national,1.0
P_43BA18EBA2,나마스떼코리아,나마스떼코리아,nonprofit_national,1.0
P_C568525080,피스빌리지네트워크,피스빌리지네트워크,nonprofit_national,1.0
P_2A78CFBD53,보금자리,보금자리,nonprofit_national,1.0
P_A91BC2C2B2,글로벌호프,글로벌호프,nonprofit_national,1.0
P_FF7322D602,새빛,새빛,nonprofit_national,1.0
P_D795EFD172,한국재난구호,한국재난구호,nonprofit_national,1.0
P_B13AABBF6B,굿네이버스인터내셔날,굿네이버스인터내셔날,nonprofit_national,1.0
P_6707625A9A,캠프,캠프,nonprofit_national,1.0
P_2F8C6C9A30,굳셰퍼드,굳셰퍼드,nonprofit_national,1.0
P_7E8E124242,월드샤프,월드샤프,nonprofit_national,1.0
P_306F3F1C78,캄보디아학교세우기모임,캄보디아학교세우기모임,nonprofit_national,1.0
P_9F3C849819,프렌드아시아,프렌드아시아,nonprofit_national,1.0
P_6CDB92CF58,서희외교포럼,서희외교포럼,nonprofit_national,1.0
P_B9ADB208FC,머시벨,머시벨,nonprofit_national,1.0
P_E465BA86F6,한중여의도리더스포럼,한중여의도리더스포럼,nonprofit_national,1.0
P_3E59C8B04A,가족아카데미아,가족아카데미아,nonprofit_national,1.0
P_BF780AE373,그린티처스,그린티처스,nonprofit_national,1.0
P_4EB5A9202B,선한영향력,선한영향력,nonprofit_national,1.0
P_ACCFEB3C53,아시아아프리카희망기구,아시아아프리카희망기구,nonprofit_national,1.0
P_58487EB36B,텐포원,텐포원,nonprofit_national,1.0
P_E14BF6850C,삼동인터내셔널,삼동인터내셔널,nonprofit_national,1.0
P_870166E1F3,굿뉴스월드,굿뉴스월드,nonprofit_national,1.0
P_0A5B145CE1,한국네팔친선협회,한국네팔친선협회,nonprofit_national,1.0
P_B2F9E35381,6·25공원국민운동본부,625공원국민운동본부,nonprofit_national,1.0
P_9FC97B978E,더크로스,더크로스,nonprofit_national,1.0
P_A73D2FF0EF,한러대화,한러대화,nonprofit_national,1.0
P_EC08673FB6,한아프리카교류협회,한아프리카교류협회,nonprofit_national,1.0
P_96C3A5EFA6,아프리카인사이트,아프리카인사이트,nonprofit_national,1.0
P_2B592B6EF2,서울의료봉사재단,서울의료봉사재단,nonprofit_national,1.0
P_C8955BF440,원코리아,원코리아,nonprofit_national,1.0
P_19290F1FC1,Y-SMU(코션),ysmu코션,nonprofit_national,1.0
P_E375A15CF1,아이씨씨코리아,아이씨씨코리아,nonprofit_national,1.0
P_6D920023B4,WPNK,wpnk,nonprofit_national,1.0
P_A562D2CA0C,리설츠코리아,리설츠코리아,nonprofit_national,1.0
P_301684601A,지구촌구호개발연대,지구촌구호개발연대,nonprofit_national,1.0
P_BBFC2C7594,국제사랑의봉사단,국제사랑의봉사단,nonprofit_national,1.0
P_7CC9FB2547,자녀안심하고 학교보내기운동 국민재단,자녀안심하고학교보내기운동국민재단,nonprofit_national,1.0
P_84B6E6DDDD,피난처,피난처,nonprofit_national,1.0
P_058F1FA9FD,민주사회를위한변호사모임,민주사회를위한변호사모임,nonprofit_national,1.0
P_9D5FBFAD23,경제민주화를 위한 민생연대,경제민주화를위한민생연대,nonprofit_national,1.0
P_7D614815F9,건강사회운동본부,건강사회운동본부,nonprofit_national,1.0
P_17B7D20A1F,행복세상,행복세상,nonprofit_national,1.0
P_77B263CA86,행복공장,행복공장,nonprofit_national,1.0
P_227235A272,교정자원봉사지원센터,교정자원봉사지원센터,nonprofit_national,1.0
P_F7CCBFA27D,한국폭력예방상담학회,한국폭력예방상담학회,nonprofit_national,1.0
P_0AFD859570,국민생활안보협회,국민생활안보협회,nonprofit_national,1.0
P_4E5ACB73A9,나라사랑포병연합,나라사랑포병연합,nonprofit_national,1.0
P_72C755B03F,예비역대령연합회,예비역대령연합회,nonprofit_national,1.0
P_7A409D529C,자유대한지키기국민운동본부,자유대한지키기국민운동본부,nonprofit_national,1.0
P_2873171447,21C안보실천연합,21c안보실천연합,nonprofit_national,1.0
P_1304F9B540,대한민국학도의용군회,대한민국학도의용군회,nonprofit_national,1.0
P_E6ABA3A2D1,대한민국월남전참전자회,대한민국월남전참전자회,nonprofit_national,1.0
P_99084FC134,충호안보연합,충호안보연합,nonprofit_national,1.0
P_939CBCA12A,보라매회,보라매회,nonprofit_national,1.0
P_B93FA36EEC,한국위기관리연구소,한국위기관리연구소,nonprofit_national,1.0
P_D4A1596373,(사)대한민국육군발전협회,대한민국육군발전협회,nonprofit_national,1.0
P_B539AF3732,대한민국6.25전쟁전사자유자녀회,대한민국625전쟁전사자유자녀회,nonprofit_national,1.0
P_37B03CC872,대한민국6.25 참전유공자회,대한민국625참전유공자회,nonprofit_national,1.0
P_517ED61D61,대한민국육∙해∙공군∙해병대예비역영관장교연합회,대한민국육∙해∙공군∙해병대예비역영관장교연합회,nonprofit_national,1.0
P_05C1FA5263,사단법인 밝은사회 연구원,밝은사회연구원,nonprofit_national,1.0
P_785F8D0D02,국군문화진흥원,국군문화진흥원,nonprofit_national,1.0
P_CF8888D5E5,백암산패밀리,백암산패밀리,nonprofit_national,1.0
P_EB32F64434,(사)대한민국특전사동지회,대한민국특전사동지회,nonprofit_national,1.0
P_21FB32533D,(사)6.25국군포로유족회,625국군포로유족회,nonprofit_national,1.0
P_D4F15135F2,(사)통일안보전략연구소,통일안보전략연구소,nonprofit_national,1.0
P_C3107170A6,대한민국예비역부사관총연합회,대한민국예비역부사관총연합회,nonprofit_national,1.0
P_2794F0ADD6,호림안보협의회,호림안보협의회,nonprofit_national,1.0
P_444CE7B4F2,(사)한국문화안보연구원,한국문화안보연구원,nonprofit_national,1.0
P_C4CCD5BBCA,(사)국방국악문화진흥회,국방국악문화진흥회,nonprofit_national,1.0
P_95D0F05D03,(사)한국전쟁헌충사업회,한국전쟁헌충사업회,nonprofit_national,1.0
P_916F78DF6E,(사)한국참전연예예술인협회,한국참전연예예술인협회,nonprofit_national,1.0
P_180C7960F2,북한군사연구회,북한군사연구회,nonprofit_national,1.0
P_964AD61EB7,21C안보전략연구원,21c안보전략연구원,nonprofit_national,1.0
P_8BA409CC57,(사)국방안보포럼,국방안보포럼,nonprofit_national,1.0
P_D341B609EB,전국모범운전자연합회,전국모범운전자연합회,nonprofit_national,1.0
P_3686FC3162,어린이교통안전협회,어린이교통안전협회,nonprofit_national,1.0
P_8DC39074BC,삼운회교통봉사대,삼운회교통봉사대,nonprofit_national,1.0
P_8EFB680EDF,치안문제연구소,치안문제연구소,nonprofit_national,1.0
P_8A29CBD01D,사단법인 학교폭력피해자가족협의회,학교폭력피해자가족협의회,nonprofit_national,1.0
P_CF109977BD,녹색어머니중앙회,녹색어머니중앙회,nonprofit_national,1.0
P_7E3C237475,대한민국 경찰유가족회,대한민국경찰유가족회,nonprofit_national,1.0
P_B879C0A207,피해자통합지원 사회적협동조합,피해자통합지원사회적협동조합,nonprofit_national,1.0
P_959ECD7DB3,대한민국자율방범중앙회,대한민국자율방범중앙회,nonprofit_national,1.0
P_6F4B0D27A0,한국대학사회봉사협의회,한국대학사회봉사협의회,nonprofit_national,1.0
P_0907FE3BD4,대한어머니회중앙연합회,대한어머니회중앙연합회,nonprofit_national,1.0
P_94FC75354B,한국인간교육연구원,한국인간교육연구원,nonprofit_national,1.0
P_0FE8296D04,흥사단,흥사단,nonprofit_national,1.0
P_FF5815126F,사단법인 소비자교육중앙회,소비자교육중앙회,nonprofit_national,1.0
P_90E5660549,대한어머니중앙연합회,대한어머니중앙연합회,nonprofit_national,1.0
P_A3136CC07E,참교육을위한전국학부모회,참교육을위한전국학부모회,nonprofit_national,1.0
P_FAC80505FA,한국지역사회교육협의회(KACE),한국지역사회교육협의회kace,nonprofit_national,1.0
P_4C93DE3198,아름다운학교운동본부,아름다운학교운동본부,nonprofit_national,1.0
P_88046E5D1A,한국청소년순결운동본부,한국청소년순결운동본부,nonprofit_national,1.0
P_CC1E72002E,(사)대한시각장애인역리학회,대한시각장애인역리학회,nonprofit_national,1.0
P_91A4E2A243,학교를사랑하는학부모모임,학교를사랑하는학부모모임,nonprofit_national,1.0
P_E6729A64A0,국가기술자격자연대,국가기술자격자연대,nonprofit_national,1.0
P_00BA1307D7,한국평생교육총연합회,한국평생교육총연합회,nonprofit_national,1.0
P_4931FE3CD9,한국여성정치문화연구소,한국여성정치문화연구소,nonprofit_national,1.0
P_3028ECFA19,한국사회교육원,한국사회교육원,nonprofit_national,1.0
P_B66413E4BF,색동어머니회,색동어머니회,nonprofit_national,1.0
P_D9152EF7DE,한국노인대학복지협의회,한국노인대학복지협의회,nonprofit_national,1.0
P_0EB362EB4C,전국야학연합회,전국야학연합회,nonprofit_national,1.0
P_FCAF9D4D56,자유교육연합,자유교육연합,nonprofit_national,1.0
P_B183C8EFA8,동아시아평화를위한역사NGO포럼,동아시아평화를위한역사ngo포럼,nonprofit_national,1.0
P_E598ABF3E1,좋은학교만들기학부모모임,좋은학교만들기학부모모임,nonprofit_national,1.0
P_E0B4276476,교육과학강국실천연합,교육과학강국실천연합,nonprofit_national,1.0
P_035EC51B1B,어린이집안전공제회,어린이집안전공제회,nonprofit_national,1.0
P_65BDC5B14A,희망먹거리네트워크,희망먹거리네트워크,nonprofit_national,1.0
P_24BA04129E,다행복사회네트워크,다행복사회네트워크,nonprofit_national,1.0
P_AFB0F851DB,한국유네스코협회연맹,한국유네스코협회연맹,nonprofit_national,1.0
P_FF0DA2E0BD,한국대학생포럼,한국대학생포럼,nonprofit_national,1.0
P_81B2821511,평등교육실현을위한전국학부모회,평등교육실현을위한전국학부모회,nonprofit_national,1.0
P_906D208688,학교폭력예방범국민운동본부,학교폭력예방범국민운동본부,nonprofit_national,1.0
P_6DF58C297E,한배달,한배달,nonprofit_national,1.0
P_093CDB19BF,우리역사바로알기,우리역사바로알기,nonprofit_national,1.0
P_71E1B9DCD3,미담장학회,미담장학회,nonprofit_national,1.0
P_AEFC061F85,한자교육연구소,한자교육연구소,nonprofit_national,1.0
P_2006480818,한국장난감도서관협회,한국장난감도서관협회,nonprofit_national,1.0
P_884F52036F,해피아이국제보육봉사단,해피아이국제보육봉사단,nonprofit_national,1.0
P_E7379EBFF0,좋은학교바른교육학부모회,좋은학교바른교육학부모회,nonprofit_national,1.0
P_66A1191F3B,태극기무궁화선양회,태극기무궁화선양회,nonprofit_national,1.0
P_4887B0F5B2,국민안전교육진흥회,국민안전교육진흥회,nonprofit_national,1.0
P_77CF185A75,초등돌봄교사연합회,초등돌봄교사연합회,nonprofit_national,1.0
P_47C84728AD,(사)밝은청소년,밝은청소년,nonprofit_national,1.0
P_660E3689A3,역사교육바로세우기시민네트워크,역사교육바로세우기시민네트워크,nonprofit_national,1.0
P_8B685F9F2E,학부모연구소,학부모연구소,nonprofit_national,1.0
P_192CFCA2C2,한국아동보육복지협회,한국아동보육복지협회,nonprofit_national,1.0
P_26F4627212,한국학교사서협회,한국학교사서협회,nonprofit_national,1.0
P_1AE9DBAF34,한국식생활교육연대,한국식생활교육연대,nonprofit_national,1.0
P_20AC049F2F,옳고바른마음총연합회,옳고바른마음총연합회,nonprofit_national,1.0
P_43C17462DA,전국미디어리터러시교사협회,전국미디어리터러시교사협회,nonprofit_national,1.0
P_ABDD4FA9AC,사단법인 한국전립선관리협회,한국전립선관리협회,nonprofit_national,1.0
P_0B3813C6B4,상록회,상록회,nonprofit_national,1.0
P_E5B21CF889,건강사회를위한치과의사회,건강사회를위한치과의사회,nonprofit_national,1.0
P_7A5B0950BA,사회복지법인 한국사회복지협의회,한국사회복지협의회,nonprofit_national,1.0
P_BEADE7CB99,한국기독교사회발전협회,한국기독교사회발전협회,nonprofit_national,1.0
P_C43C6601CA,한국제이티에스,한국제이티에스,nonprofit_national,1.0
P_2227997200,태평양전쟁희생자유족회,태평양전쟁희생자유족회,nonprofit_national,1.0
P_55B73FA13F,인도주의실천의사협의회,인도주의실천의사협의회,nonprofit_national,1.0
P_409EE00F8E,한국신장장애인협회,한국신장장애인협회,nonprofit_national,1.0
P_B4FD7C0378,한국장애인단체총연맹,한국장애인단체총연맹,nonprofit_national,1.0
P_D21209C83F,한국농아인협회,한국농아인협회,nonprofit_national,1.0
P_FF8D50E655,한국지체장애인협회,한국지체장애인협회,nonprofit_national,1.0
P_CB96FFC2F0,희년의료공제회,희년의료공제회,nonprofit_national,1.0
P_18D00C74AF,성산장기려기념사업회,성산장기려기념사업회,nonprofit_national,1.0
P_83EC078573,건강세상네트워크,건강세상네트워크,nonprofit_national,1.0
P_4905BC0F1A,대한적십자사,대한적십자사,nonprofit_national,1.0
P_733ACE584D,사랑의장기기증운동본부,사랑의장기기증운동본부,nonprofit_national,1.0
P_83C7CF4719,장애우권익문제연구소,장애우권익문제연구소,nonprofit_national,1.0
P_0D156D1A11,한국노인의전화,한국노인의전화,nonprofit_national,1.0
P_3D1CDA9B95,한국수양부모협회,한국수양부모협회,nonprofit_national,1.0
P_825440B4C5,전국소년소녀가장돕기시민연합,전국소년소녀가장돕기시민연합,nonprofit_national,1.0
P_341F4D716B,한국백혈병소아암협회,한국백혈병소아암협회,nonprofit_national,1.0
P_671E54B3D4,한국조혈모세포은행협회,한국조혈모세포은행협회,nonprofit_national,1.0
P_C43B6177BC,한국시각장애인연합회,한국시각장애인연합회,nonprofit_national,1.0
P_100D805BEC,생명나눔실천본부,생명나눔실천본부,nonprofit_national,1.0
P_E7932524B6,대한정신보건가족협회,대한정신보건가족협회,nonprofit_national,1.0
P_C3FEE5EA5F,대한한방해외의료봉사단,대한한방해외의료봉사단,nonprofit_national,1.0
P_B2299531F9,한국지역자활센터협회,한국지역자활센터협회,nonprofit_national,1.0
P_12570EB0D8,대한노인회,대한노인회,nonprofit_national,1.0
P_EFB57B31D9,한국장애인재활협회,한국장애인재활협회,nonprofit_national,1.0
P_B2432D8F54,안구기증운동협회,안구기증운동협회,nonprofit_national,1.0
P_E02F78065B,전국노인복지단체협의회,전국노인복지단체협의회,nonprofit_national,1.0
P_07EC01C278,한국치매가족협회,한국치매가족협회,nonprofit_national,1.0
P_C2EAC50858,한국장애인문화협회,한국장애인문화협회,nonprofit_national,1.0
P_1D3CD728D9,한국여성장애인연합,한국여성장애인연합,nonprofit_national,1.0
P_87D976D22F,한국경로복지회,한국경로복지회,nonprofit_national,1.0
P_8681A358B3,한국장애인부모회,한국장애인부모회,nonprofit_national,1.0
P_0620106040,한국효행수상자효도회,한국효행수상자효도회,nonprofit_national,1.0
P_2F5750FDE0,건강사회를위한약사회,건강사회를위한약사회,nonprofit_national,1.0
P_AD16D28419,함께사는사람들,함께사는사람들,nonprofit_national,1.0
P_4BF95533D2,한국장애인연맹,한국장애인연맹,nonprofit_national,1.0
P_91C2E9506D,대한민국청실회,대한민국청실회,nonprofit_national,1.0
P_ACA9354D61,한국백혈병환우회,한국백혈병환우회,nonprofit_national,1.0
P_89B12C17F8,한국이주민건강협회 희망의친구들,한국이주민건강협회희망의친구들,nonprofit_national,1.0
P_8FE0376586,한국장애인단체총연합회,한국장애인단체총연합회,nonprofit_national,1.0
P_41BABDEA36,사단법인 한국지적발달장애인복지협회,한국지적발달장애인복지협회,nonprofit_national,1.0
P_14A3BE43F4,부모효도하기운동,부모효도하기운동,nonprofit_national,1.0
P_C79F747C90,한국효도회,한국효도회,nonprofit_national,1.0
P_2C4CF771BF,한국노년복지재단,한국노년복지재단,nonprofit_national,1.0
P_06CEFC4F6F,한국장애인복지관협회,한국장애인복지관협회,nonprofit_national,1.0
P_49FC926064,장애인먼저실천운동본부,장애인먼저실천운동본부,nonprofit_national,1.0
P_FF93C18D7F,한국코헴회,한국코헴회,nonprofit_national,1.0
P_000534F74C,전국지역아동센터협의회,전국지역아동센터협의회,nonprofit_national,1.0
P_583B34BE6E,사단법인 웰 인터내셔널(WELL International),웰인터내셔널wellinternational,nonprofit_national,1.0
P_1171CD951B,(사)대한보건의료정보관리사협회,대한보건의료정보관리사협회,nonprofit_national,1.0
P_44D95E5E32,실버산업전문가포럼,실버산업전문가포럼,nonprofit_national,1.0
P_BA746ED28D,시민건강증진연구소,시민건강증진연구소,nonprofit_national,1.0
P_37F7A9F42A,한국근육디스트로피협회,한국근육디스트로피협회,nonprofit_national,1.0
P_8EA6EF9E5C,한국기독교사회복지협의회,한국기독교사회복지협의회,nonprofit_national,1.0
P_041CC7B020,한국장애인인권포럼,한국장애인인권포럼,nonprofit_national,1.0
P_BDB122ED30,한국척수장애인협회,한국척수장애인협회,nonprofit_national,1.0
P_BE1B846457,의료소비자시민연대,의료소비자시민연대,nonprofit_national,1.0
P_0482C8BFBB,한국장애인도우미견협회,한국장애인도우미견협회,nonprofit_national,1.0
P_37B952F6B0,색동회,색동회,nonprofit_national,1.0
P_EEF74F0012,사단법인한국난임가족연합회,한국난임가족연합회,nonprofit_national,1.0
P_6AA00C6A2C,한국장애인자립생활센터총연합회,한국장애인자립생활센터총연합회,nonprofit_national,1.0
P_154A3C68CB,한국자폐인사랑협회,한국자폐인사랑협회,nonprofit_national,1.0
P_B9CA6378E4,한국건강관리협회,한국건강관리협회,nonprofit_national,1.0
P_72E026B814,재)스마일,재스마일,nonprofit_national,1.0
P_62AF8352EF,한국장애인직업재활시설협회,한국장애인직업재활시설협회,nonprofit_national,1.0
P_786F40AE78,아드라코리아,아드라코리아,nonprofit_national,1.0
P_7276B42D3A,한국뇌전증협회,한국뇌전증협회,nonprofit_national,1.0
P_584C59CD77,선한사마리아인운동본부,선한사마리아인운동본부,nonprofit_national,1.0
P_C5BE23A732,원불교사회복지협의회,원불교사회복지협의회,nonprofit_national,1.0
P_A3E8EAAE4E,한국지역아동센터공부방협의회,한국지역아동센터공부방협의회,nonprofit_national,1.0
P_6E9EAAD77B,(사)함께만드는세상,함께만드는세상,nonprofit_national,1.0
P_D6EFD44DDD,인구보건복지협회,인구보건복지협회,nonprofit_national,1.0
P_A59F81FECB,한국노인복지봉사회,한국노인복지봉사회,nonprofit_national,1.0
P_959CC486A1,한국장애인복지시설협회,한국장애인복지시설협회,nonprofit_national,1.0
P_ED48EB5D4C,한국한센총연합회,한국한센총연합회,nonprofit_national,1.0
P_AD57FF2E11,한국근육장애인협회,한국근육장애인협회,nonprofit_national,1.0
P_348FB04801,대한보건협회,대한보건협회,nonprofit_national,1.0
P_48AFE682DF,사단법인 미래복지경영,미래복지경영,nonprofit_national,1.0
P_D4520AEB60,해냄복지회,해냄복지회,nonprofit_national,1.0
P_C69D8505A4,자랑스러운한국장애인상,자랑스러운한국장애인상,nonprofit_national,1.0
P_F7025CB948,한국간이식인협회,한국간이식인협회,nonprofit_national,1.0
P_B70EDC9FA6,한국효단체총연합회,한국효단체총연합회,nonprofit_national,1.0
P_FD5517F2CD,한국지역아동센터연합회,한국지역아동센터연합회,nonprofit_national,1.0
P_3630E92B71,사단법인 행동하는의사회,행동하는의사회,nonprofit_national,1.0
P_94885C5BB4,한국호흡기장애인협회,한국호흡기장애인협회,nonprofit_national,1.0
P_9B3B43D95B,지구시민연합,지구시민연합,nonprofit_national,1.0
P_CD3BF100CE,좋은사람들,좋은사람들,nonprofit_national,1.0
P_493DD92E89,전국장애인부모연대,전국장애인부모연대,nonprofit_national,1.0
P_7CF8B647CC,연우,연우,nonprofit_national,1.0
P_4B44CD5CE9,한국뇌건강증진운동연합회,한국뇌건강증진운동연합회,nonprofit_national,1.0
P_C51A37EE41,한국아동청소년그룹홈협의회,한국아동청소년그룹홈협의회,nonprofit_national,1.0
P_6A0C72455C,한국소아당뇨인협회,한국소아당뇨인협회,nonprofit_national,1.0
P_92A0E30FCD,한바라기,한바라기,nonprofit_national,1.0
P_4E5903A9CE,우리봉사단,우리봉사단,nonprofit_national,1.0
P_A79A1E6684,마을과아이들,마을과아이들,nonprofit_national,1.0
P_D05C6AD4A6,한국시니어비전연합회,한국시니어비전연합회,nonprofit_national,1.0
P_FEB95BD832,한국환자단체연합회,한국환자단체연합회,nonprofit_national,1.0
P_5A53A5E8B4,한국치매협회,한국치매협회,nonprofit_national,1.0
P_04D6F895D3,한국메멘토모리협회,한국메멘토모리협회,nonprofit_national,1.0
P_A4C7CDE6FE,한국저신장장애인연합회,한국저신장장애인연합회,nonprofit_national,1.0
P_A0C01325C8,지역아동센터전국연합회,지역아동센터전국연합회,nonprofit_national,1.0
P_0367B60EAF,대학생자원봉사단 V 원정대,대학생자원봉사단v원정대,nonprofit_national,1.0
P_531A64477E,글로벌케어,글로벌케어,nonprofit_national,1.0
P_357DA30A9C,한국사회복지사협회,한국사회복지사협회,nonprofit_national,1.0
P_3D33684616,한국장기기증네트워크,한국장기기증네트워크,nonprofit_national,1.0
P_3893915C47,한국노인교육사협회,한국노인교육사협회,nonprofit_national,1.0
P_1B227BB78D,국제연꽃마을,국제연꽃마을,nonprofit_national,1.0
P_195858C85F,나눔국민운동본부,나눔국민운동본부,nonprofit_national,1.0
P_8BA39E7563,사회복지법인 구세군복지재단,구세군복지재단,nonprofit_national,1.0
P_6B39111128,사단법인 프로라이프,프로라이프,nonprofit_national,1.0
P_BD910C3A93,해외희생동포추념사업회,해외희생동포추념사업회,nonprofit_national,1.0
P_B6F19A8ED8,대한전문응급처치협회,대한전문응급처치협회,nonprofit_national,1.0
P_BB51D1A997,행복나눔플러스,행복나눔플러스,nonprofit_national,1.0
P_33C187B615,예은사랑봉사대,예은사랑봉사대,nonprofit_national,1.0
P_D3135D87BF,한국생명의전화,한국생명의전화,nonprofit_national,1.0
P_4799361F98,생명잇기,생명잇기,nonprofit_national,1.0
P_33DFD15FB2,한국효지도사협회,한국효지도사협회,nonprofit_national,1.0
P_C9F9413C32,한국신체장애인복지회,한국신체장애인복지회,nonprofit_national,1.0
P_C4401834E8,선한의료포럼,선한의료포럼,nonprofit_national,1.0
P_DA847B134B,국제구호기구,국제구호기구,nonprofit_national,1.0
P_945447227F,사단법인 희망나눔협의회,희망나눔협의회,nonprofit_national,1.0
P_48232357EB,한국노인장기요양기관협회,한국노인장기요양기관협회,nonprofit_national,1.0
P_B5D30F0AFD,한국요양보호사중앙회,한국요양보호사중앙회,nonprofit_national,1.0
P_14A0D8594A,한국시니어케어연구회,한국시니어케어연구회,nonprofit_national,1.0
P_C0ED46CE69,대한불교조계종사회복지재단,대한불교조계종사회복지재단,nonprofit_national,1.0
P_6FA885F48C,홀트아동복지회,홀트아동복지회,nonprofit_national,1.0
P_F8791FA72D,한국정신장애연대,한국정신장애연대,nonprofit_national,1.0
P_FA3E1F73FC,한기범희망나눔,한기범희망나눔,nonprofit_national,1.0
P_EE4CA880ED,선진복지사회연구회,선진복지사회연구회,nonprofit_national,1.0
P_DCDF7FF959,한국자살예방시민연대,한국자살예방시민연대,nonprofit_national,1.0
P_BB0D08F07D,생명존중시민회의,생명존중시민회의,nonprofit_national,1.0
P_3099B70705,좋은아이연구원,좋은아이연구원,nonprofit_national,1.0
P_F79FEFE6EA,Life Hope 기독교자살예방센터,lifehope기독교자살예방센터,nonprofit_national,1.0
P_0FB2C726E9,한국치매예방운동본부,한국치매예방운동본부,nonprofit_national,1.0
P_2D85D0DBB5,중독포럼,중독포럼,nonprofit_national,1.0
P_E5BA166F1C,에이에이한국연합,에이에이한국연합,nonprofit_national,1.0
P_CDA7D2F616,사단법인동행연우회,동행연우회,nonprofit_national,1.0
P_8E0CD13BFC,사암한방의료봉사단,사암한방의료봉사단,nonprofit_national,1.0
P_1AF233465B,삼육지역사회봉사회,삼육지역사회봉사회,nonprofit_national,1.0
P_B84CEBCAA9,한국장애인사랑나눔협회,한국장애인사랑나눔협회,nonprofit_national,1.0
P_30D57FBFA4,사단법인 해피기버,해피기버,nonprofit_national,1.0
P_F92E6B9141,한국요양보호사협회,한국요양보호사협회,nonprofit_national,1.0
P_D72A1EB981,옵티미스트클럽,옵티미스트클럽,nonprofit_national,1.0
P_086CF0193D,한국구명구급협회,한국구명구급협회,nonprofit_national,1.0
P_E087047C3F,한국유방암환우총연합회,한국유방암환우총연합회,nonprofit_national,1.0
P_DA9F9C61C9,대한웰다잉협회,대한웰다잉협회,nonprofit_national,1.0
P_77D7222BE4,한국응급처치교육원,한국응급처치교육원,nonprofit_national,1.0
P_BC43D7AA16,내가만드는복지국가,내가만드는복지국가,nonprofit_national,1.0
P_AC2E68B643,한국상장례문화학회,한국상장례문화학회,nonprofit_national,1.0
P_9879014920,국제절제협회 한국총본부,국제절제협회한국총본부,nonprofit_national,1.0
P_DA7F87D0AE,대한건강의료지원단,대한건강의료지원단,nonprofit_national,1.0
P_F1E4FC6D60,나눔코리아,나눔코리아,nonprofit_national,1.0
P_4C1C104830,대한중앙의료봉사회,대한중앙의료봉사회,nonprofit_national,1.0
P_C503006C99,국제키비탄한국본부,국제키비탄한국본부,nonprofit_national,1.0
P_AB55493162,한국장애인주간보호시설협회,한국장애인주간보호시설협회,nonprofit_national,1.0
P_44333C441D,비데스코리아(VIDES KOREA),비데스코리아videskorea,nonprofit_national,1.0
P_90E3115984,아동안전위원회,아동안전위원회,nonprofit_national,1.0
P_1555A1E453,한국시니어클럽협회,한국시니어클럽협회,nonprofit_national,1.0
P_A02F18B9E8,사단법인 한국노인종합복지관협회,한국노인종합복지관협회,nonprofit_national,1.0
P_4DF698BEB1,한국생명운동연대,한국생명운동연대,nonprofit_national,1.0
P_A7B8CBE6E7,새로운가족지원협회,새로운가족지원협회,nonprofit_national,1.0
P_3F3F241CCF,한국가톨릭노숙인복지협회,한국가톨릭노숙인복지협회,nonprofit_national,1.0
P_0234EE43E6,한국생명의전화연맹,한국생명의전화연맹,nonprofit_national,1.0
P_659E9A2B30,맨발걷기국민운동본부,맨발걷기국민운동본부,nonprofit_national,1.0
P_143E53468A,선명상상담연구원,선명상상담연구원,nonprofit_national,1.0
P_FED32403DC,생명사랑회,생명사랑회,nonprofit_national,1.0
P_8908F783DD,한국중증질환연합회,한국중증질환연합회,nonprofit_national,1.0
P_903ED2BEAB,(사)한국기상전문인협회,한국기상전문인협회,nonprofit_national,1.0
P_225B49C72B,바른언어생활실천연합,바른언어생활실천연합,nonprofit_national,1.0
P_EDAD0E9176,언론개혁시민연대,언론개혁시민연대,nonprofit_national,1.0
P_1E00D8AE53,민주언론시민연합,민주언론시민연합,nonprofit_national,1.0
P_C94CF2D03F,열린사회문화연구소,열린사회문화연구소,nonprofit_national,1.0
P_5E629EC9BB,예지원,예지원,nonprofit_national,1.0
P_686CBD479B,또하나의 문화,또하나의문화,nonprofit_national,1.0
P_22F1F4EDBC,현정회,현정회,nonprofit_national,1.0
P_E6810B7A6F,한국민족음악인협회,한국민족음악인협회,nonprofit_national,1.0
P_149AC29140,(사)한국민족예술인총연합,한국민족예술인총연합,nonprofit_national,1.0
P_EC04BB4683,(사)단군朝鮮연구회,단군朝鮮연구회,nonprofit_national,1.0
P_05083C3083,한국YWCA연합회,한국ywca연합회,nonprofit_national,1.0
P_65289C5EEC,기독교윤리실천운동,기독교윤리실천운동,nonprofit_national,1.0
P_31D1C5607D,한국YMCA전국연맹,한국ymca전국연맹,nonprofit_national,1.0
P_2F0E234329,한국여성불교연합회,한국여성불교연합회,nonprofit_national,1.0
P_09E45B6FFE,생활음악협회,생활음악협회,nonprofit_national,1.0
P_DD49F671D2,참여불교재가연대,참여불교재가연대,nonprofit_national,1.0
P_63B5126FB5,한국도서관협회,한국도서관협회,nonprofit_national,1.0
P_FB0218A30A,한국종교인연대,한국종교인연대,nonprofit_national,1.0
P_3308E5938A,대한불교청년회,대한불교청년회,nonprofit_national,1.0
P_401698EE4B,한국동아리농구연맹,한국동아리농구연맹,nonprofit_national,1.0
P_A4CB0089DE,대한공수도연맹,대한공수도연맹,nonprofit_national,1.0
P_B7C9069007,아태지역공연예술네트워크,아태지역공연예술네트워크,nonprofit_national,1.0
P_44A768B84B,선무,선무,nonprofit_national,1.0
P_AEB1B21DC7,우리문화가꾸기회,우리문화가꾸기회,nonprofit_national,1.0
P_B01BC1BA31,한글문화연대,한글문화연대,nonprofit_national,1.0
P_D5C9559C36,여성문화예술기획,여성문화예술기획,nonprofit_national,1.0
P_D3994D3E51,국민생활체육전국스킨스쿠버연합회,국민생활체육전국스킨스쿠버연합회,nonprofit_national,1.0
P_DCCE132BA4,한국공연예술매니지먼트협회,한국공연예술매니지먼트협회,nonprofit_national,1.0
P_B6C07E88F8,글로벌교육문화네트워크,글로벌교육문화네트워크,nonprofit_national,1.0
P_F5F2B35CB5,문화연대,문화연대,nonprofit_national,1.0
P_16F0FC4DE2,한빛문화기획자개발원,한빛문화기획자개발원,nonprofit_national,1.0
P_37CC9A6BEE,(사)한국종이접기협회,한국종이접기협회,nonprofit_national,1.0
P_AF323484A2,장애인문화예술진흥개발원,장애인문화예술진흥개발원,nonprofit_national,1.0
P_C7D13B5EE0,한국미술협회,한국미술협회,nonprofit_national,1.0
P_911107B787,한국전업미술가협회,한국전업미술가협회,nonprofit_national,1.0
P_0A49A294EB,한국서화작가협회,한국서화작가협회,nonprofit_national,1.0
P_2FBAC3390B,전국주부극단연합회,전국주부극단연합회,nonprofit_national,1.0
P_9298BEB6A4,불교여성개발원,불교여성개발원,nonprofit_national,1.0
P_CF79652EEC,한국독립영화협회,한국독립영화협회,nonprofit_national,1.0
P_62BF7AAAB8,한.중여성교류협회,한중여성교류협회,nonprofit_national,1.0
P_4F5FDF4AFC,아나기코리아비앤비,아나기코리아비앤비,nonprofit_national,1.0
P_39E24B56F2,아트포럼인,아트포럼인,nonprofit_national,1.0
P_74933DBC06,민족사진가협회,민족사진가협회,nonprofit_national,1.0
P_0A15A7CF86,사랑의책나누기운동본부,사랑의책나누기운동본부,nonprofit_national,1.0
P_2F40315E86,민족미술인협회,민족미술인협회,nonprofit_national,1.0
P_8D6521EB6B,국민독서문화진흥회,국민독서문화진흥회,nonprofit_national,1.0
P_D4063C1517,밝은미소운동본부,밝은미소운동본부,nonprofit_national,1.0
P_D58A424AF1,국립민속박물관회,국립민속박물관회,nonprofit_national,1.0
P_4802C6087F,언론인권센터,언론인권센터,nonprofit_national,1.0
P_C7265EB7E4,지역문화네트워크,지역문화네트워크,nonprofit_national,1.0
P_BED62D5BF0,국제문화예술평화협회,국제문화예술평화협회,nonprofit_national,1.0
P_7E3B9EC521,국제농아인미술협회,국제농아인미술협회,nonprofit_national,1.0
P_4ADDE271FC,몸살림운동협회,몸살림운동협회,nonprofit_national,1.0
P_1AC61097B9,국제박물관협의회한국위원회,국제박물관협의회한국위원회,nonprofit_national,1.0
P_6D391B42FD,국학운동시민연합,국학운동시민연합,nonprofit_national,1.0
P_3712E4E1B2,국제장애인문화교류협회,국제장애인문화교류협회,nonprofit_national,1.0
P_9B8D40E231,한국지역언론학연합회,한국지역언론학연합회,nonprofit_national,1.0
P_CCFD042630,어린이도서연구회,어린이도서연구회,nonprofit_national,1.0
P_123AADE550,문화시민운동중앙협의회,문화시민운동중앙협의회,nonprofit_national,1.0
P_EED246D5BD,살기좋은나라문화운동본부,살기좋은나라문화운동본부,nonprofit_national,1.0
P_4D40152DDB,내일의도시,내일의도시,nonprofit_national,1.0
P_235B528829,날마다좋은날,날마다좋은날,nonprofit_national,1.0
P_84BC44941F,불교아카데미,불교아카데미,nonprofit_national,1.0
P_5EAEC3901A,책읽는사회만들기국민운동본부,책읽는사회만들기국민운동본부,nonprofit_national,1.0
P_0E20CC4603,한국문화복지협의회,한국문화복지협의회,nonprofit_national,1.0
P_DBC46404BC,시민문화회의,시민문화회의,nonprofit_national,1.0
P_0A323258F7,백범사상실천운동연합,백범사상실천운동연합,nonprofit_national,1.0
P_8926CF3201,한국문화정책연구소,한국문화정책연구소,nonprofit_national,1.0
P_56CC368007,참언론을지지하는모임,참언론을지지하는모임,nonprofit_national,1.0
P_C5CD07D4CD,국제통번역자원봉사단,국제통번역자원봉사단,nonprofit_national,1.0
P_1A8DE608EA,성균관유도회,성균관유도회,nonprofit_national,1.0
P_06E02E0854,겨레얼살리기국민운동본부,겨레얼살리기국민운동본부,nonprofit_national,1.0
P_99225DF6A7,접는미술관,접는미술관,nonprofit_national,1.0
P_3552F8CA5B,아시오 치유요가명상협회,아시오치유요가명상협회,nonprofit_national,1.0
P_0C9477F990,미래사회와종교성연구원,미래사회와종교성연구원,nonprofit_national,1.0
P_4A1BD8ADEA,한국민족서예인협회,한국민족서예인협회,nonprofit_national,1.0
P_0F5A8A8487,국학원,국학원,nonprofit_national,1.0
P_88AA93A70A,국제문화예술치유협회,국제문화예술치유협회,nonprofit_national,1.0
P_3D158AFAE8,한국정신문화공동체,한국정신문화공동체,nonprofit_national,1.0
P_0B87DFF6B8,새언론포럼,새언론포럼,nonprofit_national,1.0
P_D957719DBB,한국문화관광해설사중앙협의회,한국문화관광해설사중앙협의회,nonprofit_national,1.0
P_803D920AF9,한국예술교육협회,한국예술교육협회,nonprofit_national,1.0
P_543D630679,대한민국 예술연협회,대한민국예술연협회,nonprofit_national,1.0
P_DB5A98A6A8,한국단도박가족모임,한국단도박가족모임,nonprofit_national,1.0
P_D6B82834BB,초암교육예술연구소,초암교육예술연구소,nonprofit_national,1.0
P_EF7569FF0E,대한민국지키기불교도총연합,대한민국지키기불교도총연합,nonprofit_national,1.0
P_EDEC97DDF9,한국단도박모임,한국단도박모임,nonprofit_national,1.0
P_62BEE50310,미래를여는사람들,미래를여는사람들,nonprofit_national,1.0
P_9D9A180791,한국명곡진흥협회,한국명곡진흥협회,nonprofit_national,1.0
P_FE58697F20,코리아오페라콰이어,코리아오페라콰이어,nonprofit_national,1.0
P_C1B3972529,대한치어리딩협회,대한치어리딩협회,nonprofit_national,1.0
P_85BD26E1EE,문화미래포럼,문화미래포럼,nonprofit_national,1.0
P_BEC0D7785B,전국장수축구진흥회,전국장수축구진흥회,nonprofit_national,1.0
P_09D3183116,세계한인문화체육진흥회,세계한인문화체육진흥회,nonprofit_national,1.0
P_008DCEA9A3,한국인성교육중앙회,한국인성교육중앙회,nonprofit_national,1.0
P_492365CCA2,전래놀이연구회 '놀이하는사람들',전래놀이연구회'놀이하는사람들',nonprofit_national,1.0
P_823C909D68,광개토대제기념사업회,광개토대제기념사업회,nonprofit_national,1.0
P_E911E0B9E7,한국하모니카교육협회,한국하모니카교육협회,nonprofit_national,1.0
P_6DA809847B,민족문화 살리기운동본부,민족문화살리기운동본부,nonprofit_national,1.0
P_ABD9993454,(사)대한잠수협회,대한잠수협회,nonprofit_national,1.0
P_2E9693DD3A,아차산 고구려역사공원조성추진회,아차산고구려역사공원조성추진회,nonprofit_national,1.0
P_2C0FB84476,문화예술교육협회,문화예술교육협회,nonprofit_national,1.0
P_DA17925ECD,도서관친구들,도서관친구들,nonprofit_national,1.0
P_83F9F2910C,대한불교전국산악인연합회,대한불교전국산악인연합회,nonprofit_national,1.0
P_74491E1663,한국박물관협회,한국박물관협회,nonprofit_national,1.0
P_198C917010,(사)로터스월드,로터스월드,nonprofit_national,1.0
P_6B2930B206,국제피플투피플 한국본부,국제피플투피플한국본부,nonprofit_national,1.0
P_2EB3F5F211,한국차문화협회,한국차문화협회,nonprofit_national,1.0
P_054D637B67,한국문인협회,한국문인협회,nonprofit_national,1.0
P_204055851C,(사)한국장애인관광레저진흥회,한국장애인관광레저진흥회,nonprofit_national,1.0
P_E5D309531E,국제아동청소년도서협의회 한국위원회 (KBBY),국제아동청소년도서협의회한국위원회kbby,nonprofit_national,1.0
P_DCBBD7E152,글로벌코리아콘텐츠연구원,글로벌코리아콘텐츠연구원,nonprofit_national,1.0
P_BB16ED4065,한국수공예문화협회,한국수공예문화협회,nonprofit_national,1.0
P_1062C49B85,한국이벤트협회,한국이벤트협회,nonprofit_national,1.0
P_1D2C7A72C5,목우회,목우회,nonprofit_national,1.0
P_75A87D02ED,한국민화협회,한국민화협회,nonprofit_national,1.0
P_142EB6A0BF,한국운동재활협회,한국운동재활협회,nonprofit_national,1.0
P_DFACB83AB5,세잎클로버,세잎클로버,nonprofit_national,1.0
P_51CD0349DE,대한걷기협회,대한걷기협회,nonprofit_national,1.0
P_600881B72A,한국국악협회,한국국악협회,nonprofit_national,1.0
P_461BF3C559,송강문화진흥원,송강문화진흥원,nonprofit_national,1.0
P_77D6ABFE56,한국블로그산업협회,한국블로그산업협회,nonprofit_national,1.0
P_47B4B3F32A,유스나래,유스나래,nonprofit_national,1.0
P_0D20F75897,아름다운세상,아름다운세상,nonprofit_national,1.0
P_4EA30412D0,영토지킴이독도사랑회,영토지킴이독도사랑회,nonprofit_national,1.0
P_1B926D69E5,한국유아다례연구소,한국유아다례연구소,nonprofit_national,1.0
P_0D68D567BE,대한민국무궁화미술대전위원회,대한민국무궁화미술대전위원회,nonprofit_national,1.0
P_104329F1A4,예술 담은 나라,예술담은나라,nonprofit_national,1.0
P_57D5033AAF,사랑의바이올린,사랑의바이올린,nonprofit_national,1.0
P_9D7C29FFA4,부암뮤직소사이어티,부암뮤직소사이어티,nonprofit_national,1.0
P_FB66EB8BA3,민족문화축제협의회,민족문화축제협의회,nonprofit_national,1.0
P_801AF67221,태평무전수관한국무용예술단,태평무전수관한국무용예술단,nonprofit_national,1.0
P_68E3978D97,쏠리스트앙상블,쏠리스트앙상블,nonprofit_national,1.0
P_81996C5851,차세대문화인연대,차세대문화인연대,nonprofit_national,1.0
P_22A8FF91B4,(사)대한단무도협회,대한단무도협회,nonprofit_national,1.0
P_C3F4E5473C,이탈치네마,이탈치네마,nonprofit_national,1.0
P_0F0033072A,세이울,세이울,nonprofit_national,1.0
P_3A1D695710,한국인성예절원,한국인성예절원,nonprofit_national,1.0
P_DB770515A2,나눔문화예술협회,나눔문화예술협회,nonprofit_national,1.0
P_28A41C4615,(사)한국예술문화원,한국예술문화원,nonprofit_national,1.0
P_83F87B8EF6,(사)국제청소년영상예술진흥원,국제청소년영상예술진흥원,nonprofit_national,1.0
P_E1B74ACAC6,(사)한국뉴스포츠협회,한국뉴스포츠협회,nonprofit_national,1.0
P_5F413057AE,(사)한국예술문화단체총연합회,한국예술문화단체총연합회,nonprofit_national,1.0
P_6401A0E7CE,불교의례문화연구소,불교의례문화연구소,nonprofit_national,1.0
P_38CFAB31F3,재능시낭송협회,재능시낭송협회,nonprofit_national,1.0
P_5CC74A1383,필로스하모니,필로스하모니,nonprofit_national,1.0
P_FFDDBD07FE,(사)대한민국합기도협회,대한민국합기도협회,nonprofit_national,1.0
P_050729B851,한국다문화야구연맹,한국다문화야구연맹,nonprofit_national,1.0
P_3FE850EC3A,장애인 인식개선 오늘,장애인인식개선오늘,nonprofit_national,1.0
P_05398A6E8D,구봉문화학술원,구봉문화학술원,nonprofit_national,1.0
P_834D72797A,대한연협회,대한연협회,nonprofit_national,1.0
P_A5D4E08371,방촌황희선생사상연구회,방촌황희선생사상연구회,nonprofit_national,1.0
P_343EF5970E,청미르발레단,청미르발레단,nonprofit_national,1.0
P_DF85B96C8C,한국다문화예술협회,한국다문화예술협회,nonprofit_national,1.0
P_932764ED19,한국효문화센터,한국효문화센터,nonprofit_national,1.0
P_1AF51886B8,사단법인 한국운동재활복지협회,한국운동재활복지협회,nonprofit_national,1.0
P_9C20C0E5B5,재단법인 한국건강걷기연합회,한국건강걷기연합회,nonprofit_national,1.0
P_843EFB0B92,한국임상미술치료협회,한국임상미술치료협회,nonprofit_national,1.0
P_9A86158CBE,하얀코끼리,하얀코끼리,nonprofit_national,1.0
P_7C206C82F4,한국예절문화원,한국예절문화원,nonprofit_national,1.0
P_DE23F98D66,대한민국고교동문연합합창단,대한민국고교동문연합합창단,nonprofit_national,1.0
P_1B71248635,앙상블 서울아트,앙상블서울아트,nonprofit_national,1.0
P_F2DC34F15B,독도사랑가수협회,독도사랑가수협회,nonprofit_national,1.0
P_929CB0A430,사단법인 맑고향기롭게,맑고향기롭게,nonprofit_national,1.0
P_629633CC09,한국전통문화계승선양회,한국전통문화계승선양회,nonprofit_national,1.0
P_B43CCC572F,한복여행가,한복여행가,nonprofit_national,1.0
P_6FEDC6EBD6,사단법인 한국천연염색공예협회,한국천연염색공예협회,nonprofit_national,1.0
P_1092FF198C,대한사랑,대한사랑,nonprofit_national,1.0
P_308B65DF2C,사단법인 한국민족춤협회,한국민족춤협회,nonprofit_national,1.0
P_D1C8149AB7,한국 통기타가수 문화예술협회,한국통기타가수문화예술협회,nonprofit_national,1.0
P_F617067C88,한국문화교류사업단,한국문화교류사업단,nonprofit_national,1.0
P_6046272DF9,(재)코리아문화수도조직위원회,코리아문화수도조직위원회,nonprofit_national,1.0
P_AF06164067,한국아동청소년문학협회,한국아동청소년문학협회,nonprofit_national,1.0
P_82F5D9C9B8,공정미디어연대,공정미디어연대,nonprofit_national,1.0
P_902CDCDCEF,사단법인 장애인미디어인권협회,장애인미디어인권협회,nonprofit_national,1.0
P_A9C6181958,사단법인 빛을 나누는 사람들,빛을나누는사람들,nonprofit_national,1.0
P_DF9F7082E1,(사)한국대중음악인연합회,한국대중음악인연합회,nonprofit_national,1.0
P_253E2AFF3A,(사)한국청소년마을네트워크,한국청소년마을네트워크,nonprofit_national,1.0
P_D626D1ECB9,한국YFC(십대선교회),한국yfc십대선교회,nonprofit_national,1.0
P_DA38148164,한국청소년연맹,한국청소년연맹,nonprofit_national,1.0
P_38A7D88F1D,한국스카우트연맹,한국스카우트연맹,nonprofit_national,1.0
P_0AFA9EBCC3,파라미타청소년연합회,파라미타청소년연합회,nonprofit_national,1.0
P_F395E07FEC,대한청소년충효단연맹,대한청소년충효단연맹,nonprofit_national,1.0
P_90FEBCB918,푸른나무재단,푸른나무재단,nonprofit_national,1.0
P_E661CC92A3,한국청소년보호육성회,한국청소년보호육성회,nonprofit_national,1.0
P_47A39ECF1D,한국전례원,한국전례원,nonprofit_national,1.0
P_123B4D97C6,의회를사랑하는사람들,의회를사랑하는사람들,nonprofit_national,1.0
P_12EF5A0956,한국가정생활개선진흥회,한국가정생활개선진흥회,nonprofit_national,1.0
P_87B3C90DD5,한국여성의전화,한국여성의전화,nonprofit_national,1.0
P_A2EAEAB35D,한국여성단체협의회,한국여성단체협의회,nonprofit_national,1.0
P_F3BCFA5815,한국여성단체연합,한국여성단체연합,nonprofit_national,1.0
P_F1FD997FBA,한국여성소비자연합,한국여성소비자연합,nonprofit_national,1.0
P_6D78E93A13,한국여성민우회,한국여성민우회,nonprofit_national,1.0
P_435282D79E,고향을생각하는 주부들의 모임,고향을생각하는주부들의모임,nonprofit_national,1.0
P_218EF7E0ED,한국청소년진흥재단,한국청소년진흥재단,nonprofit_national,1.0
P_2C697D321C,한국청소년행동과학문화원,한국청소년행동과학문화원,nonprofit_national,1.0
P_E5FEEB5737,한국청소년연합회,한국청소년연합회,nonprofit_national,1.0
P_87920747A9,(사)탁틴내일,탁틴내일,nonprofit_national,1.0
P_BBDECDB3D2,청소년과사람사랑,청소년과사람사랑,nonprofit_national,1.0
P_23DA30F78B,젠더정치연구소 여.세.연,젠더정치연구소여세연,nonprofit_national,1.0
P_E3EC0EEC36,한국청소년단체협의회,한국청소년단체협의회,nonprofit_national,1.0
P_D40E3DDF6C,한국청소년한마음연맹,한국청소년한마음연맹,nonprofit_national,1.0
P_EBCA52396B,한국라보,한국라보,nonprofit_national,1.0
P_DEAE72AD57,한국걸스카우트연맹,한국걸스카우트연맹,nonprofit_national,1.0
P_9BD2AC37E4,청소년보호국민운동본부,청소년보호국민운동본부,nonprofit_national,1.0
P_1CF344DFA2,성매매근절을위한한소리회,성매매근절을위한한소리회,nonprofit_national,1.0
P_5C2038E7A0,한국주례전문인협회,한국주례전문인협회,nonprofit_national,1.0
P_3CCCD53CE9,한국향토사랑청소년봉사단,한국향토사랑청소년봉사단,nonprofit_national,1.0
P_7B47FA64BC,한국가족문화원,한국가족문화원,nonprofit_national,1.0
P_2F26F26F76,삼동청소년회,삼동청소년회,nonprofit_national,1.0
P_E784CCC3F9,가정을건강하게하는 시민의모임,가정을건강하게하는시민의모임,nonprofit_national,1.0
P_8EB49DA24F,수수팥떡가족사랑연대,수수팥떡가족사랑연대,nonprofit_national,1.0
P_714CED836C,여성중앙회,여성중앙회,nonprofit_national,1.0
P_E0183A8082,한국이주여성인권센터,한국이주여성인권센터,nonprofit_national,1.0
P_C5EAA56798,21세기여성정치연합,21세기여성정치연합,nonprofit_national,1.0
P_E0CF81829B,청소년지도연구원,청소년지도연구원,nonprofit_national,1.0
P_16265A5A92,일하는 여성 아카데미,일하는여성아카데미,nonprofit_national,1.0
P_12F572DE55,한국청소년보호연맹,한국청소년보호연맹,nonprofit_national,1.0
P_6F1AFBA3CE,한국시각장애인여성연합회,한국시각장애인여성연합회,nonprofit_national,1.0
P_8E25CBE44B,내일을여는멋진여성,내일을여는멋진여성,nonprofit_national,1.0
P_66750E7A74,한국여성건강및골다공증재단,한국여성건강및골다공증재단,nonprofit_national,1.0
P_D02A703BFA,한국환경사랑청소년육성연맹,한국환경사랑청소년육성연맹,nonprofit_national,1.0
P_1E4DA8234F,한국청소년성문화센터협의회,한국청소년성문화센터협의회,nonprofit_national,1.0
P_33727AFDDF,청소년건강·활동진흥재단,청소년건강활동진흥재단,nonprofit_national,1.0
P_FBF3D177FD,국제청소년교류연맹,국제청소년교류연맹,nonprofit_national,1.0
P_AF1ACE93FB,한국한부모가정사랑회,한국한부모가정사랑회,nonprofit_national,1.0
P_DF19F75605,위드다문화,위드다문화,nonprofit_national,1.0
P_E02917DD66,한국로타리청소년연합,한국로타리청소년연합,nonprofit_national,1.0
P_B542FBABE8,한국유스호스텔연맹,한국유스호스텔연맹,nonprofit_national,1.0
P_F8F3686BD4,엄마순찰대,엄마순찰대,nonprofit_national,1.0
P_8DCE77AD0F,국제청소년문화교류연맹,국제청소년문화교류연맹,nonprofit_national,1.0
P_D3E2BF6576,전국성폭력상담소협의회,전국성폭력상담소협의회,nonprofit_national,1.0
P_77EAA652DF,전국성폭력피해자보호시설협의회,전국성폭력피해자보호시설협의회,nonprofit_national,1.0
P_5C7529E035,농촌․청소년미래재단,농촌․청소년미래재단,nonprofit_national,1.0
P_F676724469,농어촌청소년육성재단,농어촌청소년육성재단,nonprofit_national,1.0
P_4F3143B3B8,전국가정폭력피해자보호시설협의회,전국가정폭력피해자보호시설협의회,nonprofit_national,1.0
P_DF7A22C7FC,한국화랑청소년육성회(사),한국화랑청소년육성회,nonprofit_national,1.0
P_4277E74493,사단법인여성청소년미디어협회,여성청소년미디어협회,nonprofit_national,1.0
P_F3379A4B9A,그린웨딩포럼,그린웨딩포럼,nonprofit_national,1.0
P_321F140637,한국미혼모가족협회,한국미혼모가족협회,nonprofit_national,1.0
P_9DF2320104,자모원한생명문화원,자모원한생명문화원,nonprofit_national,1.0
P_B3B865289A,한국가족센터협회,한국가족센터협회,nonprofit_national,1.0
P_B5ADDF089B,전국가정폭력상담소협의회,전국가정폭력상담소협의회,nonprofit_national,1.0
P_61CFF23CE3,한국여성인력개발센터연합,한국여성인력개발센터연합,nonprofit_national,1.0
P_5E83F3E6BD,한국청소년동아리연맹,한국청소년동아리연맹,nonprofit_national,1.0
P_8954631A2F,한국이주여성연합회,한국이주여성연합회,nonprofit_national,1.0
P_F16334CA98,글로컬다문화 복지협회,글로컬다문화복지협회,nonprofit_national,1.0
P_8010C4E6B1,생활개혁실천협의회,생활개혁실천협의회,nonprofit_national,1.0
P_F98CBAB0C2,한국표준웨딩협회,한국표준웨딩협회,nonprofit_national,1.0
P_2251337CF2,세계도덕재무장한국본부,세계도덕재무장한국본부,nonprofit_national,1.0
P_ABAA3BFCF7,한국한부모연합,한국한부모연합,nonprofit_national,1.0
P_FBA23F6E2E,행복한가족,행복한가족,nonprofit_national,1.0
P_52B0EDEA9D,한국부인회총본부,한국부인회총본부,nonprofit_national,1.0
P_00E7E809D9,한국부부가족상담협회,한국부부가족상담협회,nonprofit_national,1.0
P_5640C87613,함께하는아버지들,함께하는아버지들,nonprofit_national,1.0
P_714A370379,사단법인미래한반도여성협회,미래한반도여성협회,nonprofit_national,1.0
P_625FB5DEB4,청소년선도위원회,청소년선도위원회,nonprofit_national,1.0
P_80A0C3C89A,빅드림,빅드림,nonprofit_national,1.0
P_45E0375961,한국청소년유해물중독예방협회,한국청소년유해물중독예방협회,nonprofit_national,1.0
P_6896B4120F,밝은미래,밝은미래,nonprofit_national,1.0
P_E8C71F6E3A,더 호프,더호프,nonprofit_national,1.0
P_A535D2BFB1,한국두리모지원협의회,한국두리모지원협의회,nonprofit_national,1.0
P_A5EFA08B58,다문화종합복지센터,다문화종합복지센터,nonprofit_national,1.0
P_49B6A85F50,(재) 성산청소년효재단,성산청소년효재단,nonprofit_national,1.0
P_415E333F67,행동하는여성연대,행동하는여성연대,nonprofit_national,1.0
P_5FD93A9AE6,어게인(Again),어게인again,nonprofit_national,1.0
P_DD50824F09,(사)대한민국가족지킴이,대한민국가족지킴이,nonprofit_national,1.0
P_29E0689B17,늘푸른착한엄마센터,늘푸른착한엄마센터,nonprofit_national,1.0
P_E8B7CCD4C3,전국이주여성쉼터협의회,전국이주여성쉼터협의회,nonprofit_national,1.0
P_2F4A46E100,전국여성연대,전국여성연대,nonprofit_national,1.0
P_79F0D53D22,글로벌피스우먼,글로벌피스우먼,nonprofit_national,1.0
P_A060D0CE34,한부모가족회한가지,한부모가족회한가지,nonprofit_national,1.0
P_D586AB25C2,(사)여성인권을지원하는사람들,여성인권을지원하는사람들,nonprofit_national,1.0
P_43D7C1D6FB,한국청소년상담복지센터협의회,한국청소년상담복지센터협의회,nonprofit_national,1.0
P_D594CEC4E7,아시아NGO,아시아ngo,nonprofit_national,1.0
P_5FA3DB4AC8,국제여성교류협회 한국본부,국제여성교류협회한국본부,nonprofit_national,1.0
P_094981103A,사단법인 기독교청소년협회,기독교청소년협회,nonprofit_national,1.0
P_178CCF1081,사단법인 우리 더불어 이웃,우리더불어이웃,nonprofit_national,1.0
P_FEF611D14B,(사)꿈이 있는 세상,꿈이있는세상,nonprofit_national,1.0
P_B34745FCAF,사단법인 한국다문화청소년협회,한국다문화청소년협회,nonprofit_national,1.0
P_CC2AB623FE,사단법인 바른인권여성연합,바른인권여성연합,nonprofit_national,1.0
P_96EF288AB8,한국농촌지도자중앙연합회,한국농촌지도자중앙연합회,nonprofit_national,1.0
P_155953C817,한국콩연구회,한국콩연구회,nonprofit_national,1.0
P_7D8D62AC18,한국토양비료학회,한국토양비료학회,nonprofit_national,1.0
P_6B00D4A7AF,(사)한국4-H중앙본부,한국4h중앙본부,nonprofit_national,1.0
P_F0A2A9F57A,(사)한국생활개선중앙연합회,한국생활개선중앙연합회,nonprofit_national,1.0
P_065936598E,한국산림보호협회,한국산림보호협회,nonprofit_national,1.0
P_4741D58DCC,평화의 숲,평화의숲,nonprofit_national,1.0
P_0545CC0547,한국숲사랑청소년단,한국숲사랑청소년단,nonprofit_national,1.0
P_15717327C5,생명의숲국민운동,생명의숲국민운동,nonprofit_national,1.0
P_37F958187D,동북아산림포럼,동북아산림포럼,nonprofit_national,1.0
P_FF0AD167B6,나라꽃무궁화운동중앙회,나라꽃무궁화운동중앙회,nonprofit_national,1.0
P_205A3D7E1C,생태산촌,생태산촌,nonprofit_national,1.0
P_5C3C6CF235,한국숲해설가협회,한국숲해설가협회,nonprofit_national,1.0
P_F06186690B,생태교육연대어울림,생태교육연대어울림,nonprofit_national,1.0
P_4ED21F86BF,한국등산연합회,한국등산연합회,nonprofit_national,1.0
P_4CABDA70FB,무궁나라,무궁나라,nonprofit_national,1.0
P_5A0AF52BFE,아낌없이주는숲,아낌없이주는숲,nonprofit_national,1.0
P_C9C9318307,한국트레킹연맹,한국트레킹연맹,nonprofit_national,1.0
P_ED4A373E3A,사단법인 한국숲길체험지도사협회,한국숲길체험지도사협회,nonprofit_national,1.0
P_49DB0CFDCB,대한민국무궁화예술협회,대한민국무궁화예술협회,nonprofit_national,1.0
P_7B5184D0FC,세계숲보전협회,세계숲보전협회,nonprofit_national,1.0
P_1CD534D83C,무궁화사랑 ·생산자 총연합회,무궁화사랑생산자총연합회,nonprofit_national,1.0
P_56898C9A8A,사단법인 백두대간진흥회,백두대간진흥회,nonprofit_national,1.0
P_E8D1948B7F,푸른솔만들기,푸른솔만들기,nonprofit_national,1.0
P_D90E39E9B6,한국장애인기업협회,한국장애인기업협회,nonprofit_national,1.0
P_5736633D06,한국소기업소상공인연합회,한국소기업소상공인연합회,nonprofit_national,1.0
P_B7E9A2867E,한국여성발명협회,한국여성발명협회,nonprofit_national,1.0
P_C1FAE2AA15,한국특허학회,한국특허학회,nonprofit_national,1.0
P_6D3CE7FDA8,에너지시민연대,에너지시민연대,nonprofit_national,1.0
P_6783325325,한국유니버설패션협회,한국유니버설패션협회,nonprofit_national,1.0
P_CBF0A7B538,녹색환경포럼,녹색환경포럼,nonprofit_national,1.0
P_8AEF5C3056,한국기술사업화진흥협회,한국기술사업화진흥협회,nonprofit_national,1.0
P_871DD0ABAF,한국열관리시공협회,한국열관리시공협회,nonprofit_national,1.0
P_85061DCB4F,기업책임시민센터,기업책임시민센터,nonprofit_national,1.0
P_0620C82991,아태경제연구원,아태경제연구원,nonprofit_national,1.0
P_A263388FD3,소비자권리찾기시민연대,소비자권리찾기시민연대,nonprofit_national,1.0
P_3B64819C8B,한국기자연합유통협회,한국기자연합유통협회,nonprofit_national,1.0
P_2A55137859,대한민국을 생각하는 호남미래포럼,대한민국을생각하는호남미래포럼,nonprofit_national,1.0
P_F7446F9336,한국경제문화연구원,한국경제문화연구원,nonprofit_national,1.0
P_4BC265AFB4,사단법인 수소융합얼라이언스,수소융합얼라이언스,nonprofit_national,1.0
P_3B8B79C8C0,사단법인 한국차양산업협회,한국차양산업협회,nonprofit_national,1.0
P_74F766A175,한국사이버시민마약감시단,한국사이버시민마약감시단,nonprofit_national,1.0
P_6152E5F4D3,무지개세상,무지개세상,nonprofit_national,1.0
P_A83CCA4B6E,맑은물되찾기운동연합회,맑은물되찾기운동연합회,nonprofit_national,1.0
P_A13465905D,하천사랑운동,하천사랑운동,nonprofit_national,1.0
P_8F75C90440,기독교환경운동연대,기독교환경운동연대,nonprofit_national,1.0
P_BE6B82AA54,환경운동연합,환경운동연합,nonprofit_national,1.0
P_5D894758BF,환경정의,환경정의,nonprofit_national,1.0
P_A49D28CC13,한국여성환경운동본부,한국여성환경운동본부,nonprofit_national,1.0
P_474197E5EC,한국교회환경연구소,한국교회환경연구소,nonprofit_national,1.0
P_6D82151D5F,녹색연합부설녹색사회연구소,녹색연합부설녹색사회연구소,nonprofit_national,1.0
P_AEC184169B,환경보호국민운동본부,환경보호국민운동본부,nonprofit_national,1.0
P_3033A3054E,한국자연환경보전협회,한국자연환경보전협회,nonprofit_national,1.0
P_02A1D3D86F,자연보호중앙연맹,자연보호중앙연맹,nonprofit_national,1.0
P_41D7700A1F,사단법인 한국녹색구매네트워크,한국녹색구매네트워크,nonprofit_national,1.0
P_3536C6BC38,에코붓다,에코붓다,nonprofit_national,1.0
P_025DB13DDA,자전거21,자전거21,nonprofit_national,1.0
P_0F616D7A75,한국내셔널트러스트,한국내셔널트러스트,nonprofit_national,1.0
P_EB728E2DA3,한국자연공원협회,한국자연공원협회,nonprofit_national,1.0
P_32DD5D7EDA,나무를심는사람들-지속가능한사회를위한시민네트워크,나무를심는사람들지속가능한사회를위한시민네트워크,nonprofit_national,1.0
P_C9023A4715,환경공해추방운동중앙회,환경공해추방운동중앙회,nonprofit_national,1.0
P_8CC14F1865,재단법인녹색미래,녹색미래,nonprofit_national,1.0
P_6A8A012D9F,전국자연보호중앙회,전국자연보호중앙회,nonprofit_national,1.0
P_FEB5241DD8,(사)한국상록회,한국상록회,nonprofit_national,1.0
P_BB8643FAF1,한강지키기운동본부,한강지키기운동본부,nonprofit_national,1.0
P_810B08CC81,그린램프환경교육연합,그린램프환경교육연합,nonprofit_national,1.0
P_02FBB4FE5F,풀꽃세상을위한모임,풀꽃세상을위한모임,nonprofit_national,1.0
P_6FF975EC2B,지구를위한시민행동한국본부,지구를위한시민행동한국본부,nonprofit_national,1.0
P_1398590155,공해추방국민운동중앙본부,공해추방국민운동중앙본부,nonprofit_national,1.0
P_83056D6EEF,(사)한국자원순환연합회,한국자원순환연합회,nonprofit_national,1.0
P_A5ACEDF63F,NGO환경보호국민운동본부,ngo환경보호국민운동본부,nonprofit_national,1.0
P_8308299090,환경과복지를생각하는시민의모임,환경과복지를생각하는시민의모임,nonprofit_national,1.0
P_0F700B2D8C,환경문화시민연대,환경문화시민연대,nonprofit_national,1.0
P_07ABB8790B,원불교천지보은회,원불교천지보은회,nonprofit_national,1.0
P_C3616F5423,자원순환사회연대,자원순환사회연대,nonprofit_national,1.0
P_317F86ADD7,(사)맑은하늘푸른땅,맑은하늘푸른땅,nonprofit_national,1.0
P_8E157EC25D,백두대간보전협회,백두대간보전협회,nonprofit_national,1.0
P_FBA8B3CE95,전국지속가능발전협의회,전국지속가능발전협의회,nonprofit_national,1.0
P_0D293F7A1D,한국야생동물보호협회,한국야생동물보호협회,nonprofit_national,1.0
P_B24CE310EB,지리산생명연대,지리산생명연대,nonprofit_national,1.0
P_73D7259C2D,국립공원을지키는시민의 모임,국립공원을지키는시민의모임,nonprofit_national,1.0
P_6F58F3F066,일사회,일사회,nonprofit_national,1.0
P_BD27CD3D8F,(사)환경실천연합회,환경실천연합회,nonprofit_national,1.0
P_CB2DF704C7,아파트주거문화개선시민운동본부,아파트주거문화개선시민운동본부,nonprofit_national,1.0
P_7E603912BC,야생동물연합,야생동물연합,nonprofit_national,1.0
P_BD9A41DE34,한국환경연합,한국환경연합,nonprofit_national,1.0
P_0243E87E36,경기동부환경운동협의회,경기동부환경운동협의회,nonprofit_national,1.0
P_5DF0252E8F,한국환경기술인협회,한국환경기술인협회,nonprofit_national,1.0
P_0CA6F08679,(사)대청호보전운동본부,대청호보전운동본부,nonprofit_national,1.0
P_E75EDB9598,산과자연의친구 우이령 사람들,산과자연의친구우이령사람들,nonprofit_national,1.0
P_CB02A9BB06,전국환경감시협회,전국환경감시협회,nonprofit_national,1.0
P_B2ABE02DC3,한국환경보호국민연대,한국환경보호국민연대,nonprofit_national,1.0
P_79169CF842,전국녹색가계운동협의회,전국녹색가계운동협의회,nonprofit_national,1.0
P_EDBA24233B,한국그린피아연맹,한국그린피아연맹,nonprofit_national,1.0
P_17349AA33C,대자연환경운동연합중앙회,대자연환경운동연합중앙회,nonprofit_national,1.0
P_9A488F2205,유역보전을 위한 한국강살리기네트워크,유역보전을위한한국강살리기네트워크,nonprofit_national,1.0
P_873B152545,녹색어머니회,녹색어머니회,nonprofit_national,1.0
P_35A9176198,환경지킴이운동본부,환경지킴이운동본부,nonprofit_national,1.0
P_53F5A1CD3D,한강유역지속가능발전협의회,한강유역지속가능발전협의회,nonprofit_national,1.0
P_853C78E5C9,자연사랑환경보전협의회,자연사랑환경보전협의회,nonprofit_national,1.0
P_868D150646,환경과생명을지키는전국교사모임,환경과생명을지키는전국교사모임,nonprofit_national,1.0
P_910419BF2E,사랑의녹색운동본부,사랑의녹색운동본부,nonprofit_national,1.0
P_71E114C7C0,환경감시중앙본부,환경감시중앙본부,nonprofit_national,1.0
P_CD528BF4D4,낙동강환경보호운동본부,낙동강환경보호운동본부,nonprofit_national,1.0
P_59B98F8667,참여환경운동연대,참여환경운동연대,nonprofit_national,1.0
P_9AFFF0B6CA,월드그린환경연합,월드그린환경연합,nonprofit_national,1.0
P_75DC90ED39,에코코리아,에코코리아,nonprofit_national,1.0
P_AF72DCFC35,금강유역환경회의,금강유역환경회의,nonprofit_national,1.0
P_4833735076,한국자동차환경연합,한국자동차환경연합,nonprofit_national,1.0
P_DD0509F1B7,생명평화마중물,생명평화마중물,nonprofit_national,1.0
P_7581B1DF5C,우리땅걷기,우리땅걷기,nonprofit_national,1.0
P_B77D687D05,팔당상수원지키기 시면연대,팔당상수원지키기시면연대,nonprofit_national,1.0
P_99F135198A,대한야생동물생태연구협회,대한야생동물생태연구협회,nonprofit_national,1.0
P_48B43F5D3F,21환경교육중앙회,21환경교육중앙회,nonprofit_national,1.0
P_19FC698753,현장과이론이만나는연구소생태지평,현장과이론이만나는연구소생태지평,nonprofit_national,1.0
P_C5D4EA871B,한국자원재활용협회,한국자원재활용협회,nonprofit_national,1.0
P_61D8212040,자연환경사랑운동본부,자연환경사랑운동본부,nonprofit_national,1.0
P_F8B0FC71FC,한국환경운동본부,한국환경운동본부,nonprofit_national,1.0
P_53474FAD2B,대한민국특전사동지회환경봉사단,대한민국특전사동지회환경봉사단,nonprofit_national,1.0
P_9EA811BE07,녹색자전거봉사단연합,녹색자전거봉사단연합,nonprofit_national,1.0
P_CB4EDDC1E9,낙동강네트워크,낙동강네트워크,nonprofit_national,1.0
P_2164AB9851,전국환경교육연합,전국환경교육연합,nonprofit_national,1.0
P_930C57F136,환경과사람들,환경과사람들,nonprofit_national,1.0
P_BEFC0B5168,한국자연보호화랑봉사단,한국자연보호화랑봉사단,nonprofit_national,1.0
P_140C618977,한국로하스협회,한국로하스협회,nonprofit_national,1.0
P_C3186B025C,대한민국자연자원보존협회,대한민국자연자원보존협회,nonprofit_national,1.0
P_81BE3EDCC4,대자연(Great Nature),대자연greatnature,nonprofit_national,1.0
P_35114C97CE,온누리환경연합,온누리환경연합,nonprofit_national,1.0
P_E4F4CEA34D,애플녹색전국연합,애플녹색전국연합,nonprofit_national,1.0
P_0126CE18AD,(사)국가유공자환경운동본부,국가유공자환경운동본부,nonprofit_national,1.0
P_E991B27554,한국친환경운동협회,한국친환경운동협회,nonprofit_national,1.0
P_313348F590,녹색미래실천연합,녹색미래실천연합,nonprofit_national,1.0
P_53FB521220,한국환경보호실천운동본부,한국환경보호실천운동본부,nonprofit_national,1.0
P_425E678908,녹색환경감시중앙협의회,녹색환경감시중앙협의회,nonprofit_national,1.0
P_5982B94037,대한환경안전문화원,대한환경안전문화원,nonprofit_national,1.0
P_22D9820B16,한국환경교육네트워크(KEEN),한국환경교육네트워크keen,nonprofit_national,1.0
P_A2E651078D,한국국립공원협회,한국국립공원협회,nonprofit_national,1.0
P_D4E597562C,대한민국녹색환경문화 NGO연맹,대한민국녹색환경문화ngo연맹,nonprofit_national,1.0
P_2B909AEB8E,전국수렵인참여연대,전국수렵인참여연대,nonprofit_national,1.0
P_9C298C3AAF,한국여성환경정책포럼,한국여성환경정책포럼,nonprofit_national,1.0
P_346CF1490F,그린피플중앙회,그린피플중앙회,nonprofit_national,1.0
P_0022DAFEA4,NGO환경보전운동본부,ngo환경보전운동본부,nonprofit_national,1.0
P_11CCFB92FC,날으는자동차,날으는자동차,nonprofit_national,1.0
P_8552DD76BC,한국폐기물협회,한국폐기물협회,nonprofit_national,1.0
P_1DA2701F95,그린코리아포럼,그린코리아포럼,nonprofit_national,1.0
P_4EE822D4FC,환경문화연대,환경문화연대,nonprofit_national,1.0
P_D59EFCA2A1,한국기후환경네트워크,한국기후환경네트워크,nonprofit_national,1.0
P_C383395AE7,자연사랑,자연사랑,nonprofit_national,1.0
P_E8E1C6FC47,주암호보전협의회,주암호보전협의회,nonprofit_national,1.0
P_4503790045,그린월드,그린월드,nonprofit_national,1.0
P_64C071B283,이그린연대,이그린연대,nonprofit_national,1.0
P_6015C43288,녹색전국연합,녹색전국연합,nonprofit_national,1.0
P_C42F4CFDF2,바양노르솜 호수살리기 시민연대,바양노르솜호수살리기시민연대,nonprofit_national,1.0
P_A31FB38759,푸른환경운동본부,푸른환경운동본부,nonprofit_national,1.0
P_DA70DA276F,전국자연사랑연합,전국자연사랑연합,nonprofit_national,1.0
P_5A42F921F4,전국수질환경운동본부,전국수질환경운동본부,nonprofit_national,1.0
P_F181FE350F,녹색한국환경운동본부,녹색한국환경운동본부,nonprofit_national,1.0
P_B0FC633CDE,녹색교육진흥회,녹색교육진흥회,nonprofit_national,1.0
P_376C79F22D,푸른지구,푸른지구,nonprofit_national,1.0
P_223B4247A8,(사)국제청년환경연합회,국제청년환경연합회,nonprofit_national,1.0
P_E01F393001,환경운동실천협의회,환경운동실천협의회,nonprofit_national,1.0
P_415CCC9A00,해바라기문화재단,해바라기문화재단,nonprofit_national,1.0
P_3DA00FFAFD,한국성시화환경운동본부,한국성시화환경운동본부,nonprofit_national,1.0
P_445F6D221F,그린크로스코리아,그린크로스코리아,nonprofit_national,1.0
P_176E7B68DA,한국청소년환경단,한국청소년환경단,nonprofit_national,1.0
P_D24CD4BFBB,옷캔,옷캔,nonprofit_national,1.0
P_9B09BF77B2,5대강자전거길잇기전국연합,5대강자전거길잇기전국연합,nonprofit_national,1.0
P_D37DC2D7E8,한국환경포장진흥원,한국환경포장진흥원,nonprofit_national,1.0
P_1C5B1AA796,(사)청미래재단(靑美來材團),청미래재단靑美來材團,nonprofit_national,1.0
P_A2CBAF94B8,대한환경보호기동감시단총연맹,대한환경보호기동감시단총연맹,nonprofit_national,1.0
P_37DB764333,녹색환경지도자협회,녹색환경지도자협회,nonprofit_national,1.0
P_AD8D055299,미퍼스트국민운동본부,미퍼스트국민운동본부,nonprofit_national,1.0
P_B52A54862A,원불교환경연대,원불교환경연대,nonprofit_national,1.0
P_BF22FB77E3,전국생활폐기물주민연대협의회,전국생활폐기물주민연대협의회,nonprofit_national,1.0
P_909FDD730A,(사)대자연사랑실천본부,대자연사랑실천본부,nonprofit_national,1.0
P_C10F8AA966,글로벌녹색환경지도자연합,글로벌녹색환경지도자연합,nonprofit_national,1.0
P_ED71EA662B,기후변화행동연구소,기후변화행동연구소,nonprofit_national,1.0
P_C430C9328A,녹색운동연맹중앙회,녹색운동연맹중앙회,nonprofit_national,1.0
P_E8778F057D,에코유스,에코유스,nonprofit_national,1.0
P_2065B41899,한국환경교사모임,한국환경교사모임,nonprofit_national,1.0
P_DE2B4B776F,환경사랑나눔회,환경사랑나눔회,nonprofit_national,1.0
P_FB93F128B7,국민환경살리기봉사단,국민환경살리기봉사단,nonprofit_national,1.0
P_3A658E1FDA,환경보전실천연합중앙회,환경보전실천연합중앙회,nonprofit_national,1.0
P_60162E2A25,한국멸종위기야생동ㆍ식물,한국멸종위기야생동식물,nonprofit_national,1.0
P_EC5034A1B3,푸름숲음악봉사단,푸름숲음악봉사단,nonprofit_national,1.0
P_BC52F8E800,NGO지구환경운동연합본부,ngo지구환경운동연합본부,nonprofit_national,1.0
P_D772F25195,지구지킴이에코맘,지구지킴이에코맘,nonprofit_national,1.0
P_02FB925F56,한국생태계획연구소,한국생태계획연구소,nonprofit_national,1.0
P_FA3F0E99E5,(사)녹색성장국민연합,녹색성장국민연합,nonprofit_national,1.0
P_C08A0FDD75,핫핑크돌핀스,핫핑크돌핀스,nonprofit_national,1.0
P_D232020B2F,사단법인환경보전중앙협의회,환경보전중앙협의회,nonprofit_national,1.0
P_12CAD9E7B9,(사)그린환경운동본부,그린환경운동본부,nonprofit_national,1.0
P_2367E08FF0,사단법인 야생생물보호연합,야생생물보호연합,nonprofit_national,1.0
P_9C93881F22,시민연대 환경365중앙회,시민연대환경365중앙회,nonprofit_national,1.0
P_BC7CF14C91,(사)한국환경사진협회,한국환경사진협회,nonprofit_national,1.0
P_0E14FC5470,npo환경총연맹,npo환경총연맹,nonprofit_national,1.0
P_090C59EB46,(사)국토하천보호국민운동본부,국토하천보호국민운동본부,nonprofit_national,1.0
P_5800EDD3B3,(사)한국녹색환경협회,한국녹색환경협회,nonprofit_national,1.0
P_F74C328D84,화이트피스국제연맹,화이트피스국제연맹,nonprofit_national,1.0
P_34447D6E07,글로벌에코넷,글로벌에코넷,nonprofit_national,1.0
P_448DC633B1,전국환경지킴이연합,전국환경지킴이연합,nonprofit_national,1.0
P_E149517735,한국양서파충류보존네트워크,한국양서파충류보존네트워크,nonprofit_national,1.0
P_F14C9C74B9,(사)한국미래환경협회,한국미래환경협회,nonprofit_national,1.0
P_07254FD181,녹색환경실천본부,녹색환경실천본부,nonprofit_national,1.0
P_9C2EC071BC,사단법인 에코맘코리아,에코맘코리아,nonprofit_national,1.0
P_486636E417,사단법인 세계맑은공기연맹,세계맑은공기연맹,nonprofit_national,1.0
P_1EEFCC4893,대한생물보전회,대한생물보전회,nonprofit_national,1.0
P_E8F85BA7E1,사단법인 카자(KAZA),카자kaza,nonprofit_national,1.0
P_C1E665ACD3,기후변화실천연대,기후변화실천연대,nonprofit_national,1.0
P_38CCCEF4FD,불교환경연대,불교환경연대,nonprofit_national,1.0
P_5872E803AF,지구촌환경지킴이국민운동본부,지구촌환경지킴이국민운동본부,nonprofit_national,1.0
P_5D2793EAB8,전국석면감리연합,전국석면감리연합,nonprofit_national,1.0
P_C9778B5AEC,건강과 생명을 지키는 사람들,건강과생명을지키는사람들,nonprofit_national,1.0
P_0DBFDFB4F7,사단법인 한국장애인환경ESG협회,한국장애인환경esg협회,nonprofit_national,1.0
P_E779BA9E07,안전생활실천시민연합,안전생활실천시민연합,nonprofit_national,1.0
P_45EDC7BB4D,한국여성노동자회,한국여성노동자회,nonprofit_national,1.0
P_9D991E7CEF,중앙노동경제연구원,중앙노동경제연구원,nonprofit_national,1.0
P_047BDA162F,한국여성경영자총협회,한국여성경영자총협회,nonprofit_national,1.0
P_B5FD9A8649,한국장애인고용안정협회,한국장애인고용안정협회,nonprofit_national,1.0
P_76D97AC636,지구촌사랑나눔,지구촌사랑나눔,nonprofit_national,1.0
P_F5A3ADCB58,한국일용근로자복지협회,한국일용근로자복지협회,nonprofit_national,1.0
P_BAF3D8C23B,노동건강연대,노동건강연대,nonprofit_national,1.0
P_FE2EC30956,디지털노동문화복지센터,디지털노동문화복지센터,nonprofit_national,1.0
P_B356958B71,장애인직업안정연구원,장애인직업안정연구원,nonprofit_national,1.0
P_6C8494EE7B,한국산재장애인협회,한국산재장애인협회,nonprofit_national,1.0
P_54C5443419,외국인이주노동자대책협의회,외국인이주노동자대책협의회,nonprofit_national,1.0
P_B7F90BD140,한국장애인중심기업협회,한국장애인중심기업협회,nonprofit_national,1.0
P_6DAC937E13,대한산업보건협회,대한산업보건협회,nonprofit_national,1.0
P_490D4A99F7,외국인노동자와 함께,외국인노동자와함께,nonprofit_national,1.0
P_172C05C784,한국노동문화예술협회,한국노동문화예술협회,nonprofit_national,1.0
P_B469E86E38,한국이주노동자복지회,한국이주노동자복지회,nonprofit_national,1.0
P_B2E45EBDEB,한국이에이피협회,한국이에이피협회,nonprofit_national,1.0
P_C460D1EF4B,마하이주민지원단체협의회,마하이주민지원단체협의회,nonprofit_national,1.0
P_74EF4464B2,성남이주민센터,성남이주민센터,nonprofit_national,1.0
P_8BBDFBA95E,한국장애인 e-work 협회,한국장애인ework협회,nonprofit_national,1.0
P_CFA74D2AB9,미래노사발전연대,미래노사발전연대,nonprofit_national,1.0
P_3A7824E0CD,국민노동정책교육개발원,국민노동정책교육개발원,nonprofit_national,1.0
P_A200ED8A51,한국노동복지센터,한국노동복지센터,nonprofit_national,1.0
P_5306F2114E,한국사회적기업중앙협의회,한국사회적기업중앙협의회,nonprofit_national,1.0
P_58CA8F0544,나섬공동체,나섬공동체,nonprofit_national,1.0
P_4AE23CC84B,한국산재장애인복지진흥회,한국산재장애인복지진흥회,nonprofit_national,1.0
P_DFFB8C999F,한국산재장애인근로자협의회,한국산재장애인근로자협의회,nonprofit_national,1.0
P_19553457B6,고령사회고용진흥원,고령사회고용진흥원,nonprofit_national,1.0
P_A9C2C7D131,사단법인 스파크,스파크,nonprofit_national,1.0
P_8F09BD8075,일생활균형재단,일생활균형재단,nonprofit_national,1.0
P_CC0276F863,사단법인 한국미용건강총연합회중앙회,한국미용건강총연합회중앙회,nonprofit_national,1.0
P_9F7D554128,사단법인 대한산업안전협회,대한산업안전협회,nonprofit_national,1.0
P_F51ABF1519,사단법인 한국안전관리사협회,한국안전관리사협회,nonprofit_national,1.0
P_36DA2CC06D,사단법인 전국고용서비스협회,전국고용서비스협회,nonprofit_national,1.0
P_4BAB1F740A,한국수상레저안전연합회,한국수상레저안전연합회,nonprofit_national,1.0
P_5AD55FB822,세계스킨스쿠버연맹,세계스킨스쿠버연맹,nonprofit_national,1.0
P_6555AAB228,한국해상재난환경구조단,한국해상재난환경구조단,nonprofit_national,1.0
P_CFD1DD35D6,한국해양환경감시협의회,한국해양환경감시협의회,nonprofit_national,1.0
P_3DC05EFAE1,대한인명구조협회,대한인명구조협회,nonprofit_national,1.0
P_966C998128,인천낚시유선협회,인천낚시유선협회,nonprofit_national,1.0
P_DDEE2EA7E5,대한잠수구조사협회,대한잠수구조사협회,nonprofit_national,1.0
P_50DF21F042,한국해양구조협회,한국해양구조협회,nonprofit_national,1.0
P_3A4C76D621,해상수난구조대,해상수난구조대,nonprofit_national,1.0
P_56FA433FBC,한국여성농업인중앙연합회,한국여성농업인중앙연합회,nonprofit_national,1.0
P_C41144A03A,농가주부모임전국연합회,농가주부모임전국연합회,nonprofit_national,1.0
P_55602E39DA,전국여성농민회총연합,전국여성농민회총연합,nonprofit_national,1.0
P_2DEC30113C,한국농어촌복지연구회,한국농어촌복지연구회,nonprofit_national,1.0
P_9E9D9D6665,전국귀농운동본부,전국귀농운동본부,nonprofit_national,1.0
P_0E925F850F,인드라망생명공동체,인드라망생명공동체,nonprofit_national,1.0
P_EAEAA3FC5C,한국유기농업협회,한국유기농업협회,nonprofit_national,1.0
P_F479E7EB1D,우리밀살리기운동본부,우리밀살리기운동본부,nonprofit_national,1.0
P_257D2A1911,전국농업기술자협회,전국농업기술자협회,nonprofit_national,1.0
P_4258EB9F48,(재)국제농업개발원,국제농업개발원,nonprofit_national,1.0
P_12BAFA7E8F,흙살림연구소,흙살림연구소,nonprofit_national,1.0
P_B7FE073A12,국제옥수수재단,국제옥수수재단,nonprofit_national,1.0
P_686CDB4573,한국농어촌사회연구소,한국농어촌사회연구소,nonprofit_national,1.0
P_0BAE428C9D,한국애견협회,한국애견협회,nonprofit_national,1.0
P_0A3D0378D2,전국농민회총연맹,전국농민회총연맹,nonprofit_national,1.0
P_AD669A4325,돌나라한농복구회,돌나라한농복구회,nonprofit_national,1.0
P_5B2EF701B2,한국농선회,한국농선회,nonprofit_national,1.0
P_FB36FDE2C3,한국애견연맹,한국애견연맹,nonprofit_national,1.0
P_BB4C290DE3,가톨릭농민회,가톨릭농민회,nonprofit_national,1.0
P_F719A14B17,동물자유연대,동물자유연대,nonprofit_national,1.0
P_C671E906DD,(재)한국동물보호협회,한국동물보호협회,nonprofit_national,1.0
P_8C0274CAA1,부산울산경남 생태유아공동체,부산울산경남생태유아공동체,nonprofit_national,1.0
P_A567697AB5,한국신지식농업인회,한국신지식농업인회,nonprofit_national,1.0
P_599D04C5AB,재단법인 일가재단,일가재단,nonprofit_national,1.0
P_6CBAF134CB,도시농업포럼,도시농업포럼,nonprofit_national,1.0
P_AA94EB25FC,한국물탐사능력개발협회,한국물탐사능력개발협회,nonprofit_national,1.0
P_15C3BD8BDC,한국식품발전협회,한국식품발전협회,nonprofit_national,1.0
P_5639592A4C,전국도시농업시민협의회,전국도시농업시민협의회,nonprofit_national,1.0
P_442BF9E087,한국화원협회,한국화원협회,nonprofit_national,1.0
P_7CC2EDB743,(사)대한민국한식협회,대한민국한식협회,nonprofit_national,1.0
P_1DC6D4942B,사단법인 대한민국지키기,대한민국지키기,nonprofit_national,1.0
P_13BBB40DAF,사단법인 젊은농촌살리기 운동본부,젊은농촌살리기운동본부,nonprofit_national,1.0
P_EF83A3B52B,(사)국제슬로푸드한국협회,국제슬로푸드한국협회,nonprofit_national,1.0
P_1B80431048,굿파머스,굿파머스,nonprofit_national,1.0
P_1281AF46F4,통일옥수수,통일옥수수,nonprofit_national,1.0
P_77D298DCBF,(사)한국과수협회,한국과수협회,nonprofit_national,1.0
P_F4C2745D6A,한국퍼머컬처네트워크,한국퍼머컬처네트워크,nonprofit_national,1.0
P_EFD6FFCFDA,청년후계농업경영협회,청년후계농업경영협회,nonprofit_national,1.0
P_2188E7F288,전국도시농업관리사연합회,전국도시농업관리사연합회,nonprofit_national,1.0
P_4F9E019587,문화유산답사회 우리얼,문화유산답사회우리얼,nonprofit_national,1.0
P_1930095FE2,문화유산연대,문화유산연대,nonprofit_national,1.0
P_57CC78DC9E,여성문화유산연구회,여성문화유산연구회,nonprofit_national,1.0
P_BE1755849F,국제교류문화진흥원,국제교류문화진흥원,nonprofit_national,1.0
P_29080F6AE8,한국문화유산정책연구소,한국문화유산정책연구소,nonprofit_national,1.0
P_B7328985AE,(사)한국문화유산진흥원,한국문화유산진흥원,nonprofit_national,1.0
P_695877DB2C,(재)문화유산회복재단,문화유산회복재단,nonprofit_national,1.0
P_BD7AAA3297,한국사이버감시단,한국사이버감시단,nonprofit_national,1.0
P_3611B6DA20,클린콘텐츠국민운동본부,클린콘텐츠국민운동본부,nonprofit_national,1.0
P_9B455E4EFE,인터넷윤리실천협의회,인터넷윤리실천협의회,nonprofit_national,1.0
P_AE61526105,바른댓글실천연대,바른댓글실천연대,nonprofit_national,1.0
P_49B3F174EA,한국다문화센터,한국다문화센터,nonprofit_national,1.0
P_0A411B11CD,교통문화운동본부,교통문화운동본부,nonprofit_national,1.0
P_D8FC3477E6,한국해비타트,한국해비타트,nonprofit_national,1.0
P_ADC3176825,전국아파트입주자대표회의연합회,전국아파트입주자대표회의연합회,nonprofit_national,1.0
P_CEAB6D1D22,서남해안포럼,서남해안포럼,nonprofit_national,1.0
P_76687AA605,우리공원가꾸기본부,우리공원가꾸기본부,nonprofit_national,1.0
P_EDF48B2093,주거복지문화운동본부,주거복지문화운동본부,nonprofit_national,1.0
P_FADDB823C5,국제앰네스티 한국지부,국제앰네스티한국지부,nonprofit_national,1.0
P_11C4AC83C8,한국인명구조견협회,한국인명구조견협회,nonprofit_national,1.0
P_595216C57D,한국수난안전협회,한국수난안전협회,nonprofit_national,1.0
P_5A32F9DFFF,한국생활안전연합,한국생활안전연합,nonprofit_national,1.0
P_A44EA91A31,대한민국재난구조협회,대한민국재난구조협회,nonprofit_national,1.0
P_D8CE435B1D,서울산악조난구조대,서울산악조난구조대,nonprofit_national,1.0
P_DF6830C3FC,지구촌재난구조단,지구촌재난구조단,nonprofit_national,1.0
P_DE5C966B37,대한소생협회,대한소생협회,nonprofit_national,1.0
P_F189F358B4,한국소방구조스포츠연맹,한국소방구조스포츠연맹,nonprofit_national,1.0
P_8E02FF29B6,한국장애인정보화협회,한국장애인정보화협회,nonprofit_national,1.0
P_0179E30FC2,한국과학우주청소년단,한국과학우주청소년단,nonprofit_national,1.0
P_D497285908,학부모정보감시단,학부모정보감시단,nonprofit_national,1.0
P_E8C041B97D,(주)한국저시력인협회,한국저시력인협회,nonprofit_national,1.0
P_7CED138CF7,사랑의우편함달기국민운동본부,사랑의우편함달기국민운동본부,nonprofit_national,1.0
P_309900490A,한국장애인CARE협회,한국장애인care협회,nonprofit_national,1.0
P_D1A0D4A442,과우회,과우회,nonprofit_national,1.0
P_35D71E3657,대구경북여성과학기술인회,대구경북여성과학기술인회,nonprofit_national,1.0
P_FC30AB8787,한국과학문화교육단체연합,한국과학문화교육단체연합,nonprofit_national,1.0
P_DAA001BED3,사단법인유라시아그린이니시아티브,유라시아그린이니시아티브,nonprofit_national,1.0
P_268B814AA0,(사)한국정보교육문화협회,한국정보교육문화협회,nonprofit_national,1.0
P_6D92DDD822,(사)한국웹에이전시협회,한국웹에이전시협회,nonprofit_national,1.0
P_53E04B0E1E,(사)한국게임중독협회,한국게임중독협회,nonprofit_national,1.0
P_5F9EDCDFAB,순국선열유족회,순국선열유족회,nonprofit_national,1.0
P_6D945FB7CF,한국시민자원봉사회,한국시민자원봉사회,nonprofit_national,1.0
P_E03DF353F9,국민화합시민연대,국민화합시민연대,nonprofit_national,1.0
P_04E74A1FAA,새마을운동중앙회,새마을운동중앙회,nonprofit_national,1.0
P_4C90A28D7F,직장.공장새마을운동중앙협의회,직장공장새마을운동중앙협의회,nonprofit_national,1.0
P_1B33F5F14A,새마을문고중앙회,새마을문고중앙회,nonprofit_national,1.0
P_76BE6B0B6E,마음챙김행복개발원,마음챙김행복개발원,nonprofit_national,1.0
P_F377A3D5FA,한국자원봉사협의회,한국자원봉사협의회,nonprofit_national,1.0
P_6C596C41E9,사회정의실현시민연합,사회정의실현시민연합,nonprofit_national,1.0
P_511D16E678,한국자원봉사문화,한국자원봉사문화,nonprofit_national,1.0
P_3AE4EC217B,사단법인대한민국 통일건국회,대한민국통일건국회,nonprofit_national,1.0
P_4BFFDCDD7D,충효예실천운동본부,충효예실천운동본부,nonprofit_national,1.0
P_A430CA7FD2,자전거사랑전국연합회,자전거사랑전국연합회,nonprofit_national,1.0
P_7D7BB373E2,한국사회보장정책학회,한국사회보장정책학회,nonprofit_national,1.0
P_072B4AF000,열린사회시민연합,열린사회시민연합,nonprofit_national,1.0
P_EE5AE91A94,사랑실은교통봉사대,사랑실은교통봉사대,nonprofit_national,1.0
P_535C3A3AB2,공동체의식개혁국민운동협의회,공동체의식개혁국민운동협의회,nonprofit_national,1.0
P_750E318F5B,공명선거실천시민운동협의회,공명선거실천시민운동협의회,nonprofit_national,1.0
P_B5629F4229,걷고싶은도시만들기시민연대,걷고싶은도시만들기시민연대,nonprofit_national,1.0
P_ACF0260D63,밀알중앙회,밀알중앙회,nonprofit_national,1.0
P_97BF231F39,열린사회자원봉사연합,열린사회자원봉사연합,nonprofit_national,1.0
P_777C83CEE4,한국도덕운동협회,한국도덕운동협회,nonprofit_national,1.0
P_83C5AE13C4,사단법인 바르게살기운동 중앙협의회,바르게살기운동중앙협의회,nonprofit_national,1.0
P_F39ED9D8B7,한국112무선봉사단,한국112무선봉사단,nonprofit_national,1.0
P_DCF39F9249,인간성회복운동추진협의회,인간성회복운동추진협의회,nonprofit_national,1.0
P_B2E848A16D,한국자유총연맹,한국자유총연맹,nonprofit_national,1.0
P_5A52623CD5,사단법인 KYC 한국청년연합,kyc한국청년연합,nonprofit_national,1.0
P_0A9309B6CF,한국구조연합회,한국구조연합회,nonprofit_national,1.0
P_E6AE2C0C10,부정부패추방실천시민회,부정부패추방실천시민회,nonprofit_national,1.0
P_51F8D90DE9,한국국가기록연구원,한국국가기록연구원,nonprofit_national,1.0
P_65B6EEA877,지방의회발전연구원,지방의회발전연구원,nonprofit_national,1.0
P_133A0388F2,한국자원봉사포럼,한국자원봉사포럼,nonprofit_national,1.0
P_24ED381335,밝은사회국제클럽한국본부,밝은사회국제클럽한국본부,nonprofit_national,1.0
P_E3B1A43E2C,한국여성유권자연맹,한국여성유권자연맹,nonprofit_national,1.0
P_EEC46CA78F,6.3동지회,63동지회,nonprofit_national,1.0
P_4AF1D677DD,민주평화연구소,민주평화연구소,nonprofit_national,1.0
P_86EE69949B,충효국민운동본부,충효국민운동본부,nonprofit_national,1.0
P_7CAADB5581,한국신지식인협회,한국신지식인협회,nonprofit_national,1.0
P_988E5D2F8E,한국여성정치연맹,한국여성정치연맹,nonprofit_national,1.0
P_D50F4D7949,참여연대,참여연대,nonprofit_national,1.0
P_7654463609,대한민국수훈자회,대한민국수훈자회,nonprofit_national,1.0
P_832A6BA2B6,전국천만인자전거타기운동본부,전국천만인자전거타기운동본부,nonprofit_national,1.0
P_F4FD736E7A,한국자원봉사센터협회,한국자원봉사센터협회,nonprofit_national,1.0
P_8D1DC2074E,한국투명성기구,한국투명성기구,nonprofit_national,1.0
P_9220434192,바른선거시민모임중앙회,바른선거시민모임중앙회,nonprofit_national,1.0
P_8A839A2313,한국시민사회봉사단,한국시민사회봉사단,nonprofit_national,1.0
P_64DDAD5AEA,한국민주시민교육원,한국민주시민교육원,nonprofit_national,1.0
P_8F20565B06,한국곰두리봉사회,한국곰두리봉사회,nonprofit_national,1.0
P_008871DE60,불법광고를근절하는시민의 모임,불법광고를근절하는시민의모임,nonprofit_national,1.0
P_EA93F56274,한국공공정책평가협회,한국공공정책평가협회,nonprofit_national,1.0
P_C2A685708E,대한무궁화중앙회,대한무궁화중앙회,nonprofit_national,1.0
P_074CA38171,밝은둥지문화운동중앙회,밝은둥지문화운동중앙회,nonprofit_national,1.0
P_E0C95CAD6A,시민사회단체연대회의,시민사회단체연대회의,nonprofit_national,1.0
P_1124137C8E,한민족민속5일장 문화계승 전국중앙협의회,한민족민속5일장문화계승전국중앙협의회,nonprofit_national,1.0
P_4A678EDA24,세이프키즈코리아,세이프키즈코리아,nonprofit_national,1.0
P_179ECA91B7,재해극복범시민연합,재해극복범시민연합,nonprofit_national,1.0
P_7762E5211E,한국재해정보협회,한국재해정보협회,nonprofit_national,1.0
P_589F28F359,한국안전시민연합,한국안전시민연합,nonprofit_national,1.0
P_4028644D6A,대한민국옴부즈맨총연맹,대한민국옴부즈맨총연맹,nonprofit_national,1.0
P_53C826CC6C,한구석밝히기실천운동본부,한구석밝히기실천운동본부,nonprofit_national,1.0
P_4D9FC3779B,효애실천운동본부,효애실천운동본부,nonprofit_national,1.0
P_24DBA79A45,전국어머니안전지도자중앙회,전국어머니안전지도자중앙회,nonprofit_national,1.0
P_C0C884AC82,시민운동정보센터,시민운동정보센터,nonprofit_national,1.0
P_D6E92D6F69,한국장애인유권자연맹,한국장애인유권자연맹,nonprofit_national,1.0
P_8ABF04071F,대한민국국기홍보중앙회,대한민국국기홍보중앙회,nonprofit_national,1.0
P_2D8DB1D501,한국IT복지진흥원,한국it복지진흥원,nonprofit_national,1.0
P_7235786DDA,한국지방자치학회,한국지방자치학회,nonprofit_national,1.0
P_12414C318F,사단법인 범국민예의생활실천운동본부,범국민예의생활실천운동본부,nonprofit_national,1.0
P_3F1D74A061,생명평화결사,생명평화결사,nonprofit_national,1.0
P_D47A98D4FA,우리아이지킴이,우리아이지킴이,nonprofit_national,1.0
P_80C5B6555A,(사)대전민주화운동계승사업회,대전민주화운동계승사업회,nonprofit_national,1.0
P_6022CF4B6A,나눔과기쁨,나눔과기쁨,nonprofit_national,1.0
P_8F260181DE,전국민주화운동유가족협의회,전국민주화운동유가족협의회,nonprofit_national,1.0
P_DAA3A02A67,자전거타기운동연합,자전거타기운동연합,nonprofit_national,1.0
P_FF8F860617,민주화를위한전국교수협의회,민주화를위한전국교수협의회,nonprofit_national,1.0
P_299BF1C8E3,한국화장실협회,한국화장실협회,nonprofit_national,1.0
P_EC4C8EDD5A,새마을교통봉사대,새마을교통봉사대,nonprofit_national,1.0
P_03F30FFFEB,금융소비자연맹,금융소비자연맹,nonprofit_national,1.0
P_82F13669C3,한국재난안전네트워크,한국재난안전네트워크,nonprofit_national,1.0
P_F07C384161,대한민국국기선양회,대한민국국기선양회,nonprofit_national,1.0
P_0568CE9671,6월민주항쟁계승사업회,6월민주항쟁계승사업회,nonprofit_national,1.0
P_0A826AA8A6,자원봉사이음,자원봉사이음,nonprofit_national,1.0
P_7AB8BEF9EE,한국시민교육연합,한국시민교육연합,nonprofit_national,1.0
P_D5C33CA97A,사단법인 민주화운동정신계승국민연대,민주화운동정신계승국민연대,nonprofit_national,1.0
P_53A6904D9F,안전문화홍보시민모임,안전문화홍보시민모임,nonprofit_national,1.0
P_A70EE2823A,전국동포총연합회,전국동포총연합회,nonprofit_national,1.0
P_D92C6A5652,나라사랑무궁화봉사회,나라사랑무궁화봉사회,nonprofit_national,1.0
P_497561AC20,한국전쟁전후민간인희생자전국유족회,한국전쟁전후민간인희생자전국유족회,nonprofit_national,1.0
P_0D0E559D10,사랑나눔연대,사랑나눔연대,nonprofit_national,1.0
P_440B75AB3E,민생경제정책연구소,민생경제정책연구소,nonprofit_national,1.0
P_89CC26528F,사랑터,사랑터,nonprofit_national,1.0
P_FCA9678159,글로벌코리아포럼,글로벌코리아포럼,nonprofit_national,1.0
P_93EDC67A30,신시대21,신시대21,nonprofit_national,1.0
P_43DBDC3506,미래행정교육원,미래행정교육원,nonprofit_national,1.0
P_61AA78EFCE,선진화운동중앙회,선진화운동중앙회,nonprofit_national,1.0
P_B79682E76F,시대정신,시대정신,nonprofit_national,1.0
P_9D866B04F9,해병대전우회안전봉사문화단체,해병대전우회안전봉사문화단체,nonprofit_national,1.0
P_C327130C59,(사)행복문화인,행복문화인,nonprofit_national,1.0
P_097AC6485D,국민행동본부,국민행동본부,nonprofit_national,1.0
P_021D4C1D86,대한민국사랑회,대한민국사랑회,nonprofit_national,1.0
P_6FB13D4F9F,한국미래포럼,한국미래포럼,nonprofit_national,1.0
P_99EFF16D3B,애국단체총협의회,애국단체총협의회,nonprofit_national,1.0
P_F248020375,통일안보중앙협의회,통일안보중앙협의회,nonprofit_national,1.0
P_6BC1184366,마노아마노,마노아마노,nonprofit_national,1.0
P_0D2C4C08AD,4월회,4월회,nonprofit_national,1.0
P_F11786941D,하모니운동중앙회,하모니운동중앙회,nonprofit_national,1.0
P_FEDD400C86,어머니포순이봉사단,어머니포순이봉사단,nonprofit_national,1.0
P_AFE5965F0D,한국안전행복 사랑의 손잡기 국민운동본부,한국안전행복사랑의손잡기국민운동본부,nonprofit_national,1.0
P_9A218938B7,직능경제인단체총연합회,직능경제인단체총연합회,nonprofit_national,1.0
P_AA31C2F687,자유수호국민운동,자유수호국민운동,nonprofit_national,1.0
P_DEF57282F5,전국자전거길잇기국민연합,전국자전거길잇기국민연합,nonprofit_national,1.0
P_9D1491CF87,한국안전교육강사협회,한국안전교육강사협회,nonprofit_national,1.0
P_9E6DBF512F,무지개봉사단,무지개봉사단,nonprofit_national,1.0
P_76CB1A8660,서울내러티브연구소,서울내러티브연구소,nonprofit_national,1.0
P_F61A24F591,한국자전거단체협의회,한국자전거단체협의회,nonprofit_national,1.0
P_5986C86FCD,한국지방발전연구원,한국지방발전연구원,nonprofit_national,1.0
P_F918AF1D6B,청년이여는미래,청년이여는미래,nonprofit_national,1.0
P_2339C3F54E,노동자역사한내,노동자역사한내,nonprofit_national,1.0
P_CE2D8BC26D,한국레저안전협회,한국레저안전협회,nonprofit_national,1.0
P_FAC46BAA67,한국안전진흥협회,한국안전진흥협회,nonprofit_national,1.0
P_298CE80969,패트롤맘,패트롤맘,nonprofit_national,1.0
P_3A1D992C26,보냉가설봉사단,보냉가설봉사단,nonprofit_national,1.0
P_7B5CB80628,내일은희망,내일은희망,nonprofit_national,1.0
P_67672B58D0,나눔과비전,나눔과비전,nonprofit_national,1.0
P_0EA8CDA1E1,한국정보통신개발원,한국정보통신개발원,nonprofit_national,1.0
P_CB96A3DE87,한국개인정보보호협의회,한국개인정보보호협의회,nonprofit_national,1.0
P_F225AE569A,한국자전거문화포럼,한국자전거문화포럼,nonprofit_national,1.0
P_23E87A7BA1,한국자선단체협의회,한국자선단체협의회,nonprofit_national,1.0
P_CA0DAFCBFD,지역경제살리기전국아파트연대,지역경제살리기전국아파트연대,nonprofit_national,1.0
P_17AD19DD23,전국재해구호협회,전국재해구호협회,nonprofit_national,1.0
P_859DB66756,한국유권자 총연맹,한국유권자총연맹,nonprofit_national,1.0
P_736F831409,(사)안전모니터봉사단중앙회,안전모니터봉사단중앙회,nonprofit_national,1.0
P_E94ACAD840,이미지컨설턴트협회,이미지컨설턴트협회,nonprofit_national,1.0
P_90A0E24FC4,블루유니온,블루유니온,nonprofit_national,1.0
P_C08C94E499,기운차림봉사단,기운차림봉사단,nonprofit_national,1.0
P_70F10E27AE,국토종주자전거길지킴이단,국토종주자전거길지킴이단,nonprofit_national,1.0
P_42DD6F8E14,국민재난안전교육단중앙회,국민재난안전교육단중앙회,nonprofit_national,1.0
P_3793D42354,한국시민단체네트워크,한국시민단체네트워크,nonprofit_national,1.0
P_574B0AD3DA,지역발전정책연구원,지역발전정책연구원,nonprofit_national,1.0
P_966BBE21B7,선진화시민행동,선진화시민행동,nonprofit_national,1.0
P_4E50A94FE3,스마트엔젤스운동본부,스마트엔젤스운동본부,nonprofit_national,1.0
P_E73FFCF674,어린이안전학교,어린이안전학교,nonprofit_national,1.0
P_2EDFCF0C5D,월드휴먼브리지,월드휴먼브리지,nonprofit_national,1.0
P_485B0715E8,사회정의센터,사회정의센터,nonprofit_national,1.0
P_AE55690995,알다(ALDA 나눔으로 배우는 삶),알다alda나눔으로배우는삶,nonprofit_national,1.0
P_6423F3371E,상호존중과배려운동본부,상호존중과배려운동본부,nonprofit_national,1.0
P_14B2BAAE77,한국무궁화사랑국민운동협의회,한국무궁화사랑국민운동협의회,nonprofit_national,1.0
P_199E06AE26,한국청년유권자연맹,한국청년유권자연맹,nonprofit_national,1.0
P_D8DF1CFD1B,무궁화총연합회,무궁화총연합회,nonprofit_national,1.0
P_FD21AB21A6,수도방위사령부전우회 재난안전봉사단,수도방위사령부전우회재난안전봉사단,nonprofit_national,1.0
P_A57E357DEC,사회안전진흥원,사회안전진흥원,nonprofit_national,1.0
P_B79855DF37,무궁화사랑운동본부,무궁화사랑운동본부,nonprofit_national,1.0
P_7D9285D85C,한국사회봉사연합회,한국사회봉사연합회,nonprofit_national,1.0
P_392BE74C96,사회안전네트워크,사회안전네트워크,nonprofit_national,1.0
P_1F7C412440,전국자원봉사연맹,전국자원봉사연맹,nonprofit_national,1.0
P_1F265B2342,(사)한국마을기업중앙협회,한국마을기업중앙협회,nonprofit_national,1.0
P_8B8EE16D59,국민안전관리진흥원,국민안전관리진흥원,nonprofit_national,1.0
P_03DD220377,사단법인 대한민국의병기념사업총연합회,대한민국의병기념사업총연합회,nonprofit_national,1.0
P_2C0CCA3FF1,국민통합,국민통합,nonprofit_national,1.0
P_F112747083,민관소통위원회,민관소통위원회,nonprofit_national,1.0
P_D0DFDD56A2,건국이념보급회,건국이념보급회,nonprofit_national,1.0
P_994710E504,아시아태평양전쟁희생자한국유족회,아시아태평양전쟁희생자한국유족회,nonprofit_national,1.0
P_F990D4724A,세금바로쓰기납세자운동,세금바로쓰기납세자운동,nonprofit_national,1.0
P_E94A7A09B7,한국생활자전거협회,한국생활자전거협회,nonprofit_national,1.0
P_064F3DB774,러브월드,러브월드,nonprofit_national,1.0
P_820C6FED5E,대한안전연합,대한안전연합,nonprofit_national,1.0
P_B449B98E5A,국민주권실천유권자연맹,국민주권실천유권자연맹,nonprofit_national,1.0
P_8BC3DCE7A4,사단법인 한국재난안전진흥원,한국재난안전진흥원,nonprofit_national,1.0
P_6C3B0F10CA,홀리원코리아교육지원센터,홀리원코리아교육지원센터,nonprofit_national,1.0
P_33C045F84C,사회정상화운동본부,사회정상화운동본부,nonprofit_national,1.0
P_92CF51923A,올바른광고문화국민운동본부,올바른광고문화국민운동본부,nonprofit_national,1.0
P_C92E60A2ED,새로운 한국을 위한 국민운동,새로운한국을위한국민운동,nonprofit_national,1.0
P_5995BDE705,나눔세상휴먼플러스,나눔세상휴먼플러스,nonprofit_national,1.0
P_027F6CFC40,(사)도시마을공동체,도시마을공동체,nonprofit_national,1.0
P_CEF02F3741,(사)한국실버경찰봉사대,한국실버경찰봉사대,nonprofit_national,1.0
P_F6D5D933E3,한국자원봉사사회개발원,한국자원봉사사회개발원,nonprofit_national,1.0
P_89DDB864A4,국토종주자전거길 안전지킴이단연대,국토종주자전거길안전지킴이단연대,nonprofit_national,1.0
P_CD2B43C73A,여의도정책연구원,여의도정책연구원,nonprofit_national,1.0
P_0B22DF8EF8,(사)한국기록협회,한국기록협회,nonprofit_national,1.0
P_B1793FD372,무궁화사랑중앙회,무궁화사랑중앙회,nonprofit_national,1.0
P_B831A02602,한국전쟁전후민간인피학살자 전국유족회,한국전쟁전후민간인피학살자전국유족회,nonprofit_national,1.0
P_B4F2E79D21,(사)월드뷰티핸즈,월드뷰티핸즈,nonprofit_national,1.0
P_0CD7FFF03D,퇴직공무원재능나눔봉사단,퇴직공무원재능나눔봉사단,nonprofit_national,1.0
P_37C03BB351,플레이시드스쿨,플레이시드스쿨,nonprofit_national,1.0
P_A96791B62B,한국전자정부공개소프트웨어포럼,한국전자정부공개소프트웨어포럼,nonprofit_national,1.0
P_3A55DA7F45,사단법인 꿈에품에,꿈에품에,nonprofit_national,1.0
P_CA0C44F1BD,사단법인 해피맘,해피맘,nonprofit_national,1.0
P_2E4955817C,재단법인 아름다운가게,아름다운가게,nonprofit_national,1.0
P_2512BFC72A,국민안전교육진흥원,국민안전교육진흥원,nonprofit_national,1.0
P_0CCBA1B133,6·3민주화운동공로자회,63민주화운동공로자회,nonprofit_national,1.0
P_D844800A3D,사단법인 새마음새삶회,새마음새삶회,nonprofit_national,1.0
P_E3122F4A98,사단법인 충효예문화운동본부,충효예문화운동본부,nonprofit_national,1.0
P_FC941F3616,1365HY청소년멘토링센터,1365hy청소년멘토링센터,nonprofit_national,1.0
P_A0F16A3E05,국민안전진흥협회,국민안전진흥협회,nonprofit_national,1.0
P_657FCBA8E2,비영리민간단체 양준혁 야구재단,비영리민간단체양준혁야구재단,nonprofit_national,1.0
P_5B458CF91E,사단법인 징검다리교육공동체,징검다리교육공동체,nonprofit_national,1.0
P_A39FEABDA1,4.16 기억저장소,416기억저장소,nonprofit_national,1.0
P_AC7AC097CF,(사)시민학생구조단,시민학생구조단,nonprofit_national,1.0
P_738F7E038D,사단법인 제주4·3 범국민위원회,제주43범국민위원회,nonprofit_national,1.0
P_780EFA393D,국가안전연맹,국가안전연맹,nonprofit_national,1.0
P_B931A7ED32,(사)생활안전보건연합,생활안전보건연합,nonprofit_national,1.0
P_283EE1445D,사단법인 대한구조협회,대한구조협회,nonprofit_national,1.0
P_360DB745FC,사단법인 한국참여자치장애인총연합회,한국참여자치장애인총연합회,nonprofit_national,1.0
P_5E0F898CE1,국민제안진흥원,국민제안진흥원,nonprofit_national,1.0
P_C480B3E9DD,사단법인 다문화HappyRo센터,다문화happyro센터,nonprofit_national,1.0
P_55067D92E8,시민교통안전협회,시민교통안전협회,nonprofit_national,1.0
P_79F83DFA48,(사)한국민방위안전협회,한국민방위안전협회,nonprofit_national,1.0
P_B9295C14AA,사단법인 사회안전예방중앙회,사회안전예방중앙회,nonprofit_national,1.0
P_47FA7E46C6,새롬워크개발원,새롬워크개발원,nonprofit_national,1.0
P_2085CB439B,시니어서포터,시니어서포터,nonprofit_national,1.0
P_A36D66A5DF,사단법인 재난안전드론협회,재난안전드론협회,nonprofit_national,1.0
P_FDB114BC78,섬마을봉사연합(IVU),섬마을봉사연합ivu,nonprofit_national,1.0
P_D0C299E378,사단법인 한국지역경제살리기 중앙회,한국지역경제살리기중앙회,nonprofit_national,1.0
P_998AC7F926,몽양아카데미,몽양아카데미,nonprofit_national,1.0
P_25C3FF0854,(사)미래안전교육아카데미,미래안전교육아카데미,nonprofit_national,1.0
P_BE8A96162E,사단법인 한국주민자치학회,한국주민자치학회,nonprofit_national,1.0
P_3F9889462B,사단법인 한국주민자치중앙회,한국주민자치중앙회,nonprofit_national,1.0
P_32586F827C,(사)한국자연재난협회,한국자연재난협회,nonprofit_national,1.0
P_C61502E1FD,한국갈등조정중재그룹,한국갈등조정중재그룹,nonprofit_national,1.0
P_70A09B43FE,동서화합미래연합회,동서화합미래연합회,nonprofit_national,1.0
P_5F54DFBE0A,봉사 팩토리,봉사팩토리,nonprofit_national,1.0
P_412E3B87DA,재단법인 기빙플러스,기빙플러스,nonprofit_national,1.0
P_A3271DDC0B,사단법인 경찰소방안전 후원연합회,경찰소방안전후원연합회,nonprofit_national,1.0
P_E0FA2F2637,한국공무원문학협회,한국공무원문학협회,nonprofit_national,1.0
P_BCA1DD6622,대한에이즈예방협회,대한에이즈예방협회,nonprofit_national,1.0
P_C7A2774DB9,한국에이즈퇴치연맹,한국에이즈퇴치연맹,nonprofit_national,1.0
P_A209E6763D,세계한마음공동체,세계한마음공동체,nonprofit_national,1.0
P_340B8DAC17,국제한국입양인봉사회,국제한국입양인봉사회,nonprofit_national,1.0
P_348B520CD9,동북아평화연대,동북아평화연대,nonprofit_national,1.0
P_7B38B95921,둥지,둥지,nonprofit_national,1.0
P_054592CE22,한국다문화연대,한국다문화연대,nonprofit_national,1.0
P_65F054E509,재한동포연합총회,재한동포연합총회,nonprofit_national,1.0
P_57141A3A7F,위드어스,위드어스,nonprofit_national,1.0
P_7A828978F3,한민족하나되기본부,한민족하나되기본부,nonprofit_national,1.0
P_D33D75B689,글로벌여성경제인연합회,글로벌여성경제인연합회,nonprofit_national,1.0
P_1801F43D1B,다문화공동발전협회,다문화공동발전협회,nonprofit_national,1.0
P_58B1243F9B,대한고려인협회,대한고려인협회,nonprofit_national,1.0
P_5640A08C28,사단법인 팀앤팀,팀앤팀,koica_humanitarian,1.0
P_2ED36205B3,더멋진세상,더멋진세상,koica_humanitarian,1.0
P_057457DAE3,굿네이버스,굿네이버스,koica_humanitarian,1.0
P_FFEC9BC04D,아디,아디,koica_humanitarian,1.0
P_F2D5E6A073,월드비전,월드비전,koica_humanitarian,1.0
P_2AF26BD7B9,세이브더칠드런 코리아,세이브더칠드런코리아,koica_humanitarian,1.0
P_05EAB284EE,기아대책기구,기아대책기구,koica_humanitarian,1.0
P_B3858DB20C,세이브더칠드런,세이브더칠드런,koica_humanitarian,1.0
P_891B5F0590,어린이재단,어린이재단,koica_humanitarian,1.0
P_EF7A7BE01C,밀알복지재단,밀알복지재단,koica_humanitarian,1.0
P_7C96D4D49E,굿피플인터내셔널,굿피플인터내셔널,koica_humanitarian,1.0
P_40C29E9923,한국기아대책기구,한국기아대책기구,koica_humanitarian,1.0
P_16C011F16A,초록우산 어린이재단,초록우산어린이재단,koica_humanitarian,1.0
P_BC5E3DD6A9,플랜한국위원회,플랜한국위원회,koica_humanitarian,1.0
P_1B791C91A1,한국국제기아대책기구,한국국제기아대책기구,koica_humanitarian,1.0
P_22BA62DA50,옥스팜,옥스팜,koica_humanitarian,1.0
P_E64DB47A8D,지구촌나눔운동,지구촌나눔운동,koica_humanitarian,1.0
P_53D670AF9B,WHO,who,koica_iati,1.0
P_53D670AF9B,World Health Organization,worldhealthorganization,koica_iati,0.95
P_263B1741AE,UNDP,undp,koica_iati,1.0
P_263B1741AE,United Nations Development Programme,unitednationsdevelopmentprogramme,koica_iati,0.95
P_85DF6983E2,IOM,iom,koica_iati,1.0
P_85DF6983E2,International Organization for Migration,internationalorganizationformigration,koica_iati,0.95
P_F938B8921D,UNFPA,unfpa,koica_iati,1.0
P_F938B8921D,United Nations Population Fund,unitednationspopulationfund,koica_iati,0.95
P_6C851E299E,UN-HABITAT,unhabitat,koica_iati,1.0
P_6C851E299E,United Nations Human Settlements Programme,unitednationshumansettlementsprogramme,koica_iati,0.95
P_D9CA93FB64,UNICEF,unicef,koica_iati,1.0
P_D9CA93FB64,United Nations Children's Fund,unitednationschildren'sfund,koica_iati,0.95
P_11A8B6F6D8,GGGI,gggi,koica_iati,1.0
P_11A8B6F6D8,Global Green Growth Institute,globalgreengrowthinstitute,koica_iati,0.95
P_C30786ABE2,UNESCO,unesco,koica_iati,1.0
P_C30786ABE2,"United Nations Educational, Scientific and Cultural Organization",unitednationseducationalscientificandculturalorganization,koica_iati,0.95
P_109503A85E,WFP,wfp,koica_iati,1.0
P_109503A85E,World Food Programme,worldfoodprogramme,koica_iati,0.95
P_AE908E52FC,FAO,fao,koica_iati,1.0
P_AE908E52FC,Food and Agriculture Organization,foodandagricultureorganization,koica_iati,0.95
MOCK_GEOICT,Green Geomatics Consortium,greengeomaticsconsortium,mock_procurement_seed,1.0
MOCK_GEOICT,그린지오매틱스,그린지오매틱스,mock_procurement_seed,1.0
MOCK_GEOICT,그린지오매틱스컨소시엄,그린지오매틱스컨소시엄,mock_procurement_seed,1.0
MOCK_MANGROVE_RESTORE,Korea Mangrove Restoration Center,koreamangroverestorationcenter,mock_procurement_seed,1.0
MOCK_MANGROVE_RESTORE,한국맹그로브복원센터,한국맹그로브복원센터,mock_procurement_seed,1.0
MOCK_BLUECARBON,Blue Carbon Ecology Institute,bluecarbonecologyinstitute,mock_procurement_seed,1.0
MOCK_BLUECARBON,블루카본생태연구원,블루카본생태연구원,mock_procurement_seed,1.0
MOCK_BLUECARBON,블루카본생태,블루카본생태,mock_procurement_seed,1.0
MOCK_FISH_LIVELIHOOD,Marine Fisheries Livelihood Innovation Institute,marinefisherieslivelihoodinnovationinstitute,mock_procurement_seed,1.0
MOCK_FISH_LIVELIHOOD,해양수산생계혁신원,해양수산생계혁신원,mock_procurement_seed,1.0
MOCK_CAPACITY_CENTER,Global ODA Capacity Center,globalodacapacitycenter,mock_procurement_seed,1.0
MOCK_CAPACITY_CENTER,글로벌ODA역량센터,글로벌oda역량센터,mock_procurement_seed,1.0
MOCK_INFRA_ARCH,Eco Infrastructure Architects,ecoinfrastructurearchitects,mock_procurement_seed,1.0
MOCK_INFRA_ARCH,에코인프라건축사사무소,에코인프라건축사사무소,mock_procurement_seed,1.0
MOCK_EQUIPMENT,ODA Equipment Procurement Solutions,odaequipmentprocurementsolutions,mock_procurement_seed,1.0
MOCK_EQUIPMENT,ODA장비조달솔루션,oda장비조달솔루션,mock_procurement_seed,1.0
MOCK_MNE,International Development M&E Institute,internationaldevelopmentm&einstitute,mock_procurement_seed,1.0
MOCK_MNE,국제개발성과관리연구소,국제개발성과관리연구소,mock_procurement_seed,1.0
MOCK_COMMUNITY,Community Impact Lab,communityimpactlab,mock_procurement_seed,1.0
MOCK_COMMUNITY,커뮤니티임팩트랩,커뮤니티임팩트랩,mock_procurement_seed,1.0
MOCK_CLIMATE_ECO,Korea Climate Ecology Consulting,koreaclimateecologyconsulting,mock_procurement_seed,1.0
MOCK_CLIMATE_ECO,한국기후생태컨설팅,한국기후생태컨설팅,mock_procurement_seed,1.0
